Barcode,UMAP-1,UMAP-2
AAACCCAAGGAGAGTA-1,6.985217983052734,6.79177037699362
AAACGCTTCAGCCCAG-1,15.81145247091044,-25.95831209251005
AAAGAACAGACGACTG-1,-5.761796227730518,-4.120020787355695
AAAGAACCAATGGCAG-1,-5.544710524868981,-4.136312515034648
AAAGAACGTCTGCAAT-1,-9.318693169070157,-1.6657711413847696
AAAGGATAGTAGACAT-1,14.94047006859375,-23.939880597509074
AAAGGATCACCGGCTA-1,16.859421172079514,-24.609586535776398
AAAGGATTCAGCTTGA-1,7.864483081273327,8.745384588432639
AAAGGATTCCGTTTCG-1,7.958947811506815,8.09797144992201
AAAGGGCTCATGCCCT-1,-11.182427548220344,1.884911527960262
AAAGGGCTCCGTAGGC-1,-8.187165427833849,-3.7209181264812687
AAAGGTACAACTGCTA-1,6.2072990147597285,9.870397081683986
AAAGTCCAGCGGGTTA-1,-12.302285960445715,1.4696457761515103
AAAGTCCAGTCAACAA-1,-6.160037332715116,-0.3017818777291829
AAAGTCCCACCAGCCA-1,14.67585023788809,-24.556414427335927
AAAGTGATCGTACACA-1,-4.646317508602903,-5.48507552952983
AAATGGAAGCCGCTTG-1,6.894837872466691,9.372014627045786
AAATGGACAATGCTCA-1,6.974752626009038,9.019666490806078
AAATGGAGTACCGCGT-1,-7.887823444047791,-1.539028463992208
AAATGGATCCTATTTG-1,16.73306518096476,-25.95814542453443
AACAAAGGTGATGAAT-1,-8.772992134346538,-1.3855964730117212
AACAACCAGTAGTCCT-1,6.013212936050517,4.806152280916081
AACAACCCACGCTATA-1,-7.415507877831231,-3.5355640902515404
AACAAGAGTTATAGAG-1,6.192235857021578,10.89351947570826
AACAGGGGTGGGAGAG-1,-8.188299463178296,-4.022244766154327
AACCAACAGCTTGTTG-1,-7.484770404738039,-0.4320456387773509
AACCCAACAACTGATC-1,-5.43922582355847,-4.476207415005191
AACCCAAGTGGGCTTC-1,15.505246992700894,-24.270966060599555
AACCCAATCTTACCGC-1,-4.584228691321917,-5.522140034065336
AACCTGACATCCTATT-1,7.176853432283819,6.931605270919425
AACCTTTGTTTCGGCG-1,-4.512406687640069,-5.041844180516822
AACGAAAAGGTTGGTG-1,4.230756792555919,15.110368669095873
AACGAAACAATGTCTG-1,-5.4802591391275595,0.6483765480077938
AACGAAACAGCGTTTA-1,6.361704995409292,4.7030201699129295
AACGAAATCCATTTAC-1,-8.199794522643675,-0.33239972505686954
AACGGGAGTCGCTCGA-1,7.525789674833308,8.78435684908696
AACGTCAAGACGCCCT-1,8.302868689962287,7.512355912887965
AAGAACAAGACCATTC-1,-7.406351063032711,-3.381913711557613
AAGAACAAGCCTCAGC-1,6.279832500222759,10.606557710547774
AAGAACATCTTGCAAG-1,-10.337087292891843,0.7248424179325516
AAGACAACACTTCAGA-1,6.621772742192147,8.788326961459822
AAGACAACAGATCACT-1,6.473452861461988,9.20926903948345
AAGACAATCCGCGAGT-1,-10.703539453375676,2.1658310780612786
AAGACTCGTGACGTCC-1,-4.902693177039058,2.1014391748420933
AAGCATCAGGTCCGAA-1,-11.004083976053247,2.156171671314773
AAGCATCCAGTCTTCC-1,6.3416297432915885,9.658454801846045
AAGCGTTCACTGATTG-1,7.108355517106459,9.586748959294527
AAGCGTTTCGCTATTT-1,15.131143757342995,-24.564751555345797
AAGGTAAAGGAAGTAG-1,-7.282702611274026,-3.6794825926397445
AAGGTAAAGGCCACCT-1,-8.209699340714502,-1.2281379180768377
AAGGTAAGTCCTTAAG-1,-10.795468851955295,-0.02731180142148114
AAGTACCAGCGCCTTG-1,-10.662108849372292,0.6897534125484189
AAGTACCAGCTCCATA-1,-10.249158594410794,1.9306935517389539
AAGTACCCAAAGAACT-1,-10.1327137447326,0.9212808989096393
AAGTGAACATCAGCAT-1,-7.291733787963557,-3.3663361596118735
AAGTGAATCGGAAGGT-1,7.531045468459035,8.800621424844673
AAGTTCGAGGATACAT-1,-11.420505483290649,1.0707125647552715
AAGTTCGGTCAACACT-1,7.192164493655628,8.702867981540534
AATCACGAGGCTCTAT-1,-4.96145726762132,1.8113760213688697
AATCGACAGTATGTAG-1,-5.814557417364507,0.17892589888765342
AATCGACGTGAGACGT-1,7.091532190849618,6.604113777764343
AATGAAGCAGTATGAA-1,-7.038274021552971,-1.5431803832210682
AATGACCGTGTCATCA-1,6.524543961556148,9.53232909871621
AATGGAACACTCATAG-1,14.172386755200714,-24.272683044228685
AATGGAATCTGATGGT-1,6.851312202192784,7.775679656540823
AATGGCTAGGACGGAG-1,-6.13588496128973,-0.34561917758356314
AATTCCTTCCATTGGA-1,6.160386954263242,9.956783174999805
ACAAAGAAGCCTCAAT-1,7.162376306918029,7.827642498030751
ACAAAGAGTTCCATTT-1,-8.468964198869434,-1.6599004584351484
ACAACCATCTATCCAT-1,-9.428111053997139,1.2004326930935523
ACAACCATCTGCCCTA-1,-9.724926546069783,-0.08179479818082637
ACAAGCTGTAGGTCAG-1,-7.998715878101028,-1.3332615420022136
ACACCAAAGAGTCAGC-1,-10.546837320541046,0.52312963485502
ACACGCGGTGTTGCCG-1,6.187107839637123,8.98390910810241
ACACGCGTCACCTCGT-1,-4.387731599683243,-5.349110451162409
ACACGCGTCGCCGTGA-1,7.582701353451162,5.208286084300289
ACACTGATCACTGATG-1,7.182290442126978,6.822836018240829
ACACTGATCTTTCCGG-1,-7.9576839618601545,-0.9703183182200975
ACAGAAAAGTATTAGG-1,7.054272447135999,7.59304363669689
ACAGAAACACCAGCGT-1,7.18518657131621,6.313365657399207
ACAGCCGTCGCTGTTC-1,16.96632773959979,-24.33033386126599
ACATCCCCACAAATGA-1,-7.183894882679404,-0.9025635388356875
ACATCCCGTAAGATTG-1,7.399344279604834,6.873058217340467
ACATCGATCTAAGAAG-1,-4.845083323662064,-5.592096737250132
ACATCGATCTGAGAGG-1,-6.049123345079552,-3.7270632962030126
ACATCGATCTTGGGCG-1,7.404165777025083,6.185982875407482
ACATGCAGTTGCTTGA-1,7.295817380369566,4.953878400563606
ACATTTCGTGCCGAAA-1,-11.77862312278872,1.7858280391167418
ACATTTCGTTTCTTAC-1,15.619252329077497,-26.00095806292291
ACCACAAAGGCCTTGC-1,7.220874597537236,7.025272918643016
ACCACAAAGGTTAGTA-1,-4.983394317434372,1.4238869066603337
ACCACAAGTCTGTGGC-1,17.003394345800857,-25.51514527943592
ACCATTTCATTGGGAG-1,-8.495743762747292,-1.3747158725474187
ACCCAAAAGCCACAAG-1,-4.750805009362869,1.9096275380915597
ACCCAAAGTTGGGAAC-1,7.89644555490113,10.691808054694881
ACCCTTGGTATCGTAC-1,-7.78153761444042,-0.9162360577736953
ACCCTTGTCATTTCGT-1,-7.990285615579194,-3.9381304034341245
ACCTACCCAACGGTAG-1,-7.542414322588113,-3.908569955913916
ACCTGAACATGAGAAT-1,-9.70707860715141,0.7244665896836878
ACCTGTCTCAAGTCTG-1,-10.79395211889114,0.5379390905912628
ACCTGTCTCTCAACGA-1,6.277905058953897,11.27417349225987
ACGATCAGTCGTTCAA-1,-8.285726991355238,-3.6744670939849113
ACGATCATCCACGGAC-1,-7.419895804738167,-4.048259064722173
ACGATCATCCGTTGGG-1,-10.671296468559236,1.7187508857185623
ACGCACGAGAGAGTGA-1,-6.156932681624361,-3.9139977883315957
ACGGTCGTCACTACGA-1,-10.29600840312198,-1.1889072507228842
ACGGTTAAGTGCTCAT-1,15.929303684849243,-24.90331700411473
ACGTAACAGGTGCTTT-1,-9.640155355816676,-0.08414437291506051
ACGTAACTCATATGGC-1,16.73331576702891,-25.70740616397793
ACGTAACTCTTCGATT-1,7.136429164740099,6.645393400538014
ACGTACAAGCTGTTCA-1,-7.885000556392906,-3.4453448871828996
ACGTACACAAAGCTCT-1,7.143674428869557,9.567810110999925
ACGTACACAGACGATG-1,-4.852942936316608,-5.12821203303437
ACGTAGTCACGCCACA-1,16.191415310214477,-25.382006558680956
ACGTAGTCATTAGGAA-1,-7.296992139304561,-3.3839179518172116
ACGTTCCGTGGGTCAA-1,6.658668162364261,4.938829956912826
ACTATCTGTGTGTACT-1,-4.812425679073506,-5.177847258535206
ACTATGGAGAAATCCA-1,14.095535612090645,-24.23978148123601
ACTCCCAAGGTTGGTG-1,-5.012965143202153,-5.310205610040423
ACTCCCATCGTCCTCA-1,-9.523585059650518,0.25088420578899306
ACTGATGAGCAGCGAT-1,16.26964317321088,-24.46504611060653
ACTGATGCACCAGCCA-1,16.618297591672945,-24.75045251384604
ACTGTGACAACTCGAT-1,-10.58210471190268,1.628834149019798
ACTTATCTCTAAGGAA-1,7.508672541443271,9.285986773184256
ACTTCGCAGAACCGCA-1,-7.954060906037972,-0.5652222102486856
ACTTCGCGTACTCCGG-1,16.250972781297435,-25.61385764496406
ACTTTCAAGTATGACA-1,-5.917142525770028,-4.0877555041252895
ACTTTCACAAGCGAAC-1,-5.850372532515153,-0.3391825515753321
ACTTTCAGTACGCGTC-1,-9.952248608380504,-1.1354005627337234
AGAAATGTCATTCGTT-1,6.073390200181807,5.988269233241351
AGAAGCGGTCTAGATC-1,-9.884611091263842,-1.807718011465802
AGAAGCGTCTGCGTCT-1,-9.729763013700182,-1.467380697559314
AGACAAAGTAGCTTGT-1,7.814209269439825,8.659849857737402
AGACACTCAAGTCGTT-1,-9.94927903840118,-1.1162131912342856
AGACCATCATTACTCT-1,-10.360415487474016,2.250139674619349
AGACTCATCAACGCTA-1,-8.937087771899622,-0.2403260304126661
AGACTCATCAGAGCGA-1,7.767484204607315,5.752598541276122
AGAGAATAGAGGGTCT-1,-5.9955047765205,-4.1574174277460205
AGAGAATCACCCAACG-1,-10.200271118026537,1.8102702638536161
AGAGAGCAGTTGTCGT-1,16.963099537139257,-24.4982776952366
AGAGCAGGTCATAAAG-1,6.704088025621566,4.8862300665186185
AGAGCAGGTTGAGTCT-1,-11.638632632218627,1.7153671758378721
AGAGCAGTCGCGCTGA-1,-8.39205600317485,-3.372030047151945
AGAGCCCGTCACTCGG-1,-11.765288346599286,0.566956438884159
AGATAGAGTGACACGA-1,6.953138518509429,6.064581970013576
AGATCGTCAGGACTTT-1,-7.895523224209972,-3.665970996538739
AGATGAACAGGCACAA-1,-8.346208747612122,-1.6722114632906218
AGATGCTGTACGGTTT-1,6.93618998975088,4.874390577484711
AGATGCTGTGTGGTCC-1,-12.466841744937923,1.3616501255665912
AGCATCAGTCGGTGTC-1,7.604264880882348,9.003142134084573
AGCATCAGTGGTCCGT-1,-12.236080485267847,1.1221618022793016
AGCCAATAGTCCCTAA-1,-9.0433345690431,-1.4929504631418262
AGCCACGCAGGTTCGC-1,-11.110585470515725,1.3504057697440117
AGCCACGGTTCCGCGA-1,7.502947001636272,7.823696767293846
AGCCACGTCCGAGAAG-1,-5.487862601976783,-4.335932078138305
AGCCAGCGTAATGCGG-1,-10.953000041685307,0.5178285419282876
AGCCAGCGTAGTTAGA-1,-2.724448296176465,12.161537115427018
AGCGTATCATATGCGT-1,-5.101438531488816,1.9932864475154475
AGCGTATTCAGTGGGA-1,17.22717116767382,-24.929494412925507
AGCGTCGCATTGACCA-1,-11.810655203542614,0.391130227202195
AGCGTCGTCCTTATCA-1,-4.645649328173437,2.0311414631966236
AGCTACACAGTCGGAA-1,-9.569539154925035,-2.217528404475992
AGCTACAGTCGTTTCC-1,-8.032360186414152,-4.131277240047451
AGGAAATTCACCATGA-1,6.192417041689469,10.508327458933218
AGGAATACAAACTCGT-1,-11.58777940818618,1.067304660646432
AGGAATATCATTACGG-1,-10.415964246024782,1.8575142624735905
AGGACGAAGACCTTTG-1,-4.724344924683269,-5.430157305637264
AGGACGAAGATTAGTG-1,-10.619598136794293,-0.2642636925915369
AGGACGATCACTGATG-1,-10.924999544453588,1.2206375518791643
AGGACGATCCAGTACA-1,-6.296920180486181,-3.3914180507734017
AGGACTTTCCTACCAC-1,-5.269120147446286,-4.810325476026834
AGGAGGTAGGTCACAG-1,-5.593536031447888,0.46214247516399165
AGGATAAAGAACAAGG-1,-12.095211532716434,1.2124882742894394
AGGCCACAGGGCCAAT-1,16.356848374144118,-24.541681926576523
AGGCTGCAGGGCTTCC-1,15.812924273657654,-25.697180931124304
AGGCTGCGTGTGTGTT-1,17.064141868266038,-24.44679808105588
AGGGAGTCACCATTCC-1,-4.689661832262841,1.9744238853239324
AGGGAGTGTGTCGCTG-1,-12.21204335206849,1.3133939965188146
AGGGCTCCAATACGCT-1,7.220828101936734,5.142984592424992
AGGGTCCCAGGACATG-1,7.303859016002113,5.178981409320436
AGGGTCCCAGTAGTTC-1,-5.435747198838082,-4.431753440715054
AGGGTTTCAGCGTGCT-1,7.790313837064599,8.332830488415048
AGGTAGGAGGAAGTAG-1,16.258523664865372,-25.12175385122358
AGGTAGGCAAAGCGTG-1,8.433370579525244,7.48415513142562
AGGTCATTCAAGTCGT-1,6.2561465387593085,4.770123607030241
AGGTGTTAGCAATTAG-1,3.8664283192128366,14.797662155648327
AGGTGTTCATTAAGCC-1,7.1608648168250495,8.232795865692369
AGGTGTTGTCGATTAC-1,-8.702890380256123,-0.4967541220900758
AGGTGTTTCAATGCAC-1,-10.04721614030961,1.4446318087695247
AGGTGTTTCGTTACCC-1,6.6215453227019205,5.896989063980599
AGGTTACAGGTGCGAT-1,-11.186874247867287,1.3415262089999007
AGGTTACGTCTGATAC-1,6.3775958381463855,11.916743246867368
AGTAACCCAAGCTCTA-1,7.107545909111033,5.659468179373387
AGTAACCTCGTTGTAG-1,-12.373711490071475,1.2382680445267746
AGTACCAGTGGGTCAA-1,7.527808610161562,7.025372651448154
AGTACCATCAGCTTGA-1,-4.938427285427856,-5.408428480143259
AGTAGCTAGGAGTACC-1,15.668665399789921,-24.364002662277155
AGTAGCTCACTGCTTC-1,-5.954188290731329,-0.08589363237279225
AGTAGCTCAGGCACTC-1,6.561742668354995,6.079376864984204
AGTAGCTGTTAGAAAC-1,7.75714842026514,7.188964109473896
AGTAGTCGTATGACAA-1,-9.301200682535008,-0.4409963494676952
AGTCAACAGTCATGCT-1,7.430869168526068,8.427865029212686
AGTCAACGTACACGCC-1,-2.6594112636092615,12.227468306920088
AGTCACATCTCCCATG-1,-4.836901804055267,1.872776081359818
AGTCTCCCAACCGTGC-1,15.080007327051755,-24.12664234329112
AGTCTCCGTGAGTCAG-1,-7.004874341982467,-3.7886765320998594
AGTGCCGCATCTGGGC-1,-7.826108428994908,-3.9270123518934796
AGTTAGCAGTCAGGGT-1,-7.321616742993766,-3.6496031501936965
AGTTAGCGTACCATAC-1,15.501281727625663,-25.696910003077566
AGTTAGCGTTCATCGA-1,-7.356664846183391,-3.638501029008899
AGTTCCCCAAACAGGC-1,-5.3949040311328655,-4.579279225852789
AGTTCCCGTTACACTG-1,-10.959412225697186,1.4896558665108615
AGTTCGAGTATGCGTT-1,16.891342489341838,-25.39439628249266
ATACCGACACACGGTC-1,-9.160716812991678,-0.7402455774263725
ATACTTCGTACGACTT-1,7.794791761244021,7.722713056116967
ATACTTCGTTCGGTAT-1,-12.28927225631749,1.2280693517206471
ATACTTCTCAGCTGAT-1,-10.136860145556323,0.29061892421504365
ATACTTCTCGCCGTGA-1,15.169030724740233,-24.69227018949107
ATAGACCTCCGCTTAC-1,-5.279890177212066,-4.535030418357973
ATAGGCTGTGTTACAC-1,7.286266194136661,6.491238627102843
ATATCCTGTATGAGCG-1,16.683779359264268,-24.307560245945986
ATCACAGAGACGTCCC-1,7.9468487215279,8.141634300076245
ATCACAGCATGACGTT-1,6.8328778441300875,8.028268904727216
ATCACGATCCGCAACG-1,-5.650966436061393,-4.218220969807477
ATCACTTGTGGCTGCT-1,6.656869579656894,8.179652542207794
ATCCACCCAGCAGTGA-1,-4.997421559182912,-5.450336563375652
ATCCACCCATGTCTAG-1,-4.855097515092308,-5.354859125045757
ATCCACCGTTTGTTGG-1,7.433513732614016,8.862094526944054
ATCCATTAGACGCAGT-1,17.217291595179372,-24.67371888406806
ATCCCTGCAATTTCTC-1,-6.946194065857278,-3.2153458661243968
ATCCGTCCAACTCCCT-1,16.330098270510145,-25.942815708894017
ATCCTATGTCTGTGCG-1,16.06129959911917,-24.026839522586975
ATCGATGCAACGGCTC-1,17.08530571506115,-24.715338746471286
ATCGATGGTCAATCTG-1,-4.861021771134625,-4.926229016936702
ATCGGATAGGAAAGGT-1,-9.855954588677534,-2.003248123232933
ATCGGCGAGTCCTACA-1,-6.664975472522514,-1.7669341481684782
ATCGTAGCATCGGAGA-1,6.947645480477163,5.334067059287885
ATCGTCCAGCCTGAAG-1,6.307732772526034,10.315790113586793
ATCGTCCGTATGAGGC-1,8.598595555386819,7.544376736573053
ATCGTCCTCGGAGCAA-1,6.488380719619353,12.065642046965753
ATCGTGAAGCAGATAT-1,7.710190603046568,5.285901934344891
ATCTCTACAAGAAACT-1,7.656295385799691,8.851302748686475
ATCTCTAGTCGTGGTC-1,-6.998449092566989,-0.1276789558694281
ATCTTCAAGAAGAGCA-1,6.412994923091002,5.106743279157559
ATCTTCACATACTGAC-1,7.029237310170303,5.347491212514186
ATCTTCAGTCTCTCCA-1,6.876438058399747,6.092269817334744
ATCTTCATCTCATAGG-1,-7.303839937780805,-3.615342497103427
ATGAAAGTCCTTATGT-1,-9.227216418700031,-0.025174556367456833
ATGACCAAGGCTAACG-1,7.300341903867269,8.958811313387924
ATGACCACAATATCCG-1,-9.15161464695072,-1.7289755075603186
ATGAGTCTCCAGTTCC-1,14.938166200304066,-24.76473186168839
ATGATCGGTCGAACAG-1,16.32854514248425,-24.652508149593874
ATGCGATGTGCTCTTC-1,16.21581198056409,-24.95165787941402
ATGCGATGTTGTAGCT-1,-7.454469041144418,-0.6619597626562548
ATGGAGGGTGTTTACG-1,-6.321418740888423,0.11899623782289163
ATGGATCGTAGATTGA-1,14.15262468844679,-24.115519038730888
ATGGATCTCGACCTAA-1,-9.470342245500916,-1.0139876895633084
ATGGGAGAGACGTCCC-1,-10.849465875199238,-0.031687454052447606
ATGGGAGCACTCCGGA-1,6.271425122017395,9.083417674389802
ATGGGAGTCCACTGAA-1,7.343472401709657,7.240549727932479
ATGGGAGTCCCATACC-1,-6.060735338888708,-0.027341363330024248
ATGGTTGTCACGGAGA-1,8.196410117750347,7.133758308085214
ATGTCCCCAGGAATCG-1,16.785680386655176,-24.750747748564237
ATGTCCCCATAGGTTC-1,15.107058303030549,-24.48207530861678
ATGTCCCGTCCTACGG-1,7.7000885461301944,6.831967857965423
ATTACTCCAGCTTTGA-1,-10.359737023591393,0.2826964094200875
ATTACTCGTTGCAACT-1,14.670355320259771,-23.984704179241273
ATTCACTAGAAGGCTC-1,-7.8209009096493105,-3.5773394752280794
ATTCACTTCTCCGCAT-1,-4.6710974446902505,-5.214574744264582
ATTCAGGCAAGTATCC-1,7.223834553045916,4.961414162809156
ATTCAGGCATAGCTGT-1,7.869510644848813,8.754746325945186
ATTCAGGTCTTCGTGC-1,-8.774185451501218,-3.056227245472425
ATTCCATCACGACTAT-1,-6.534721704013377,-0.3120698676624459
ATTCCCGAGTCACTCA-1,-10.192126150886825,1.6764088808764555
ATTCCTACATGAGATA-1,6.557186529514372,7.853279949422066
ATTCGTTCAGTCTTCC-1,-8.235480234832993,-0.879495453114833
ATTCGTTGTAACACCT-1,-11.865223193599409,0.7993361251259125
ATTCGTTGTGTAGCAG-1,-3.8505845190801886,1.0387012410658554
ATTCGTTGTGTTCAGT-1,-10.43351074317559,-1.3680589777240906
ATTCGTTGTTCTTGTT-1,7.401048663523994,5.792140416681239
ATTCTACTCTCGTGAA-1,-10.556959406741754,1.7984821921755145
ATTCTTGAGTTCCAGT-1,-6.043648758398748,-0.6852884387544909
ATTCTTGGTACAATAG-1,-6.913743530766966,-3.078168205854403
ATTTCACAGTGCAAAT-1,6.010974937275205,9.607221760605661
ATTTCACGTGGATACG-1,8.091079108743434,8.266536759411505
ATTTCTGCAAGGTCTT-1,8.268028165502976,7.913089590706285
ATTTCTGGTATCCTCC-1,15.548580771648544,-25.973613563015473
ATTTCTGTCGATGCAT-1,7.4411487304097195,5.3683642631453035
ATTTCTGTCGGCCAAC-1,-9.812317142106757,-0.8876133486593623
CAAAGAACACATATCG-1,-7.963899493739326,-0.46269011708960994
CAAAGAACAGCTGTTA-1,-7.231000127799777,-3.1903103637643757
CAAAGAAGTTCTCCCA-1,7.688311723003888,6.191711820600777
CAACAACTCGATACTG-1,-6.519747302424451,-2.7176411599751527
CAACAGTCATCCGTTC-1,-9.835712319199665,1.6273815430295455
CAACAGTTCGAGCACC-1,-11.804603419854038,1.838550960165382
CAACCAAGTTAGAAAC-1,6.479224962635004,5.099752862413842
CAACCTCGTATCGGTT-1,-8.657935588345206,-0.501302645775095
CAACGATAGACGGAAA-1,8.475352435758182,7.799911599034571
CAACGATAGCCTAGGA-1,6.566021041231822,8.64619713621448
CAACGATCAAAGCACG-1,-8.206812418046761,-0.8720252180561544
CAACGATTCAAGCCCG-1,7.990432166673338,7.12479995483382
CAAGACTAGTGGAAAG-1,-8.327606795709231,-3.889684524879209
CAAGACTTCAATCGGT-1,8.460916816033357,7.372229382098493
CAAGAGGTCTTCACGC-1,6.7285374195281635,9.08780232779354
CAAGCTAGTGGCTGCT-1,6.489198471096721,10.225851597341212
CAAGGGAAGAGTCGAC-1,-8.385706050068476,-1.3280664794109234
CAATACGAGGCAGCTA-1,-6.191685840073292,-0.7623174065199113
CAATACGTCTCGACCT-1,-4.731464569107385,1.8959740650385546
CAATCGAAGAGGATCC-1,-9.38872944372495,-2.4228650661692663
CAATCGATCCGTACGG-1,-9.26583844088264,-0.9578519894326785
CAATGACTCAAGCCCG-1,-10.7958439066842,0.18817371554741769
CAATTTCAGATTGCGG-1,15.904845662269166,-24.281680401519452
CACACAACAAGAAACT-1,-10.050758126690816,1.2710314454928298
CACACAACACGAGGAT-1,7.181573648025629,5.776636841076215
CACAGATCACTCCGAG-1,6.172696324027507,9.576842504709372
CACAGATCATCATGAC-1,7.061030761464474,5.7998289436660855
CACAGATGTTCCGTTC-1,6.513862377872032,12.134231194019037
CACAGGCCAACGATCT-1,6.902338681338385,6.602764758269707
CACATGAGTTTCGACA-1,-8.45372653589827,-0.9294859823945502
CACCAAAAGGACATCG-1,6.674833129701269,8.863453982022955
CACCGTTCACCCTAGG-1,-10.201037029357192,1.538893442447153
CACGAATCACATAGCT-1,-8.710802632624748,-0.7021783134592544
CACGAATTCAAGTCGT-1,-9.406005078802806,-1.6441831425046782
CACGGGTAGCATTTGC-1,7.790138143942349,8.310931015293429
CACGGGTTCCCGATCT-1,16.168079728011552,-24.38294112821787
CACGTTCCAGCTTCCT-1,6.851959082036492,8.688716930876371
CACGTTCTCTATCACT-1,-8.756732468259674,-1.6293491131095834
CACTAAGGTGATAGTA-1,-8.829537933247726,-1.6592265751677069
CACTGAAGTCTTTCTA-1,16.251269995430146,-26.005230400944356
CACTGAATCCTGATAG-1,7.645698061541601,10.408541310187895
CACTGGGAGGCGACAT-1,7.3569465205785125,8.116196094260392
CACTGGGAGTTACTCG-1,7.274798988849745,5.4830777590748765
CACTGGGGTCGCACAC-1,6.291330357701459,10.56883099736634
CACTGTCCACATATGC-1,15.542685065886408,-25.75205441432782
CACTTCGTCACCTACC-1,7.044456461675797,7.973278623819079
CAGAGCCGTGCCCGTA-1,-11.711094790577492,0.9910653302327961
CAGATACTCGTTCCCA-1,-8.654239715347748,-0.4340274516699354
CAGATTGAGAACGTGC-1,-10.669548503522346,0.11514249177298808
CAGATTGAGCTGAGCA-1,-10.509884268855803,-0.47903445924977855
CAGATTGGTGACTAAA-1,14.91509787308031,-24.04083016645784
CAGCAATGTATCGTTG-1,6.27032189308971,11.307852974058864
CAGCAGCTCAGAGTTC-1,-5.855276752516364,-4.038437029722857
CAGCCAGGTGGGTTGA-1,6.20005954737678,10.812851471456641
CAGCGTGTCCATCACC-1,16.800253806312444,-24.289039498933334
CAGGCCAGTTCAATCG-1,-9.357044866515139,-1.654113654631561
CAGGCCATCACTCACC-1,-6.592474927245311,-1.7609880641319169
CAGGCCATCCACTAGA-1,6.757006149467472,7.435644025708291
CAGGGCTAGATTGGGC-1,-6.493136392570293,-3.9979607641974426
CAGGGCTTCGACGAGA-1,-3.791646831343351,1.002656352566219
CAGGTATGTCAGTCTA-1,7.814121480454367,10.592834194819423
CAGGTATGTGTAAATG-1,16.747912786486143,-24.66290390347622
CAGTTAGTCGGCCCAA-1,-6.116707243084867,0.40782185206605787
CAGTTCCCAATCGTCA-1,-7.035369589867279,-3.031915091565729
CATAAGCGTAGCGCTC-1,-10.622502475922902,1.4171583042895544
CATAAGCTCCGTGTGG-1,7.276779365413972,8.401710850028955
CATACTTTCAACGAGG-1,-8.421556945612021,-0.9218932746170404
CATAGACCATCTCAAG-1,-4.725548753781295,1.7846168062146444
CATAGACGTACCTTCC-1,-6.145433922890174,-0.16629959187110505
CATCAAGAGCGCCGTT-1,6.396822866147057,11.973857993145
CATCAAGGTATGGTTC-1,15.551163885286929,-25.568424834270107
CATCAAGGTCTAACTG-1,16.820698071793256,-25.87921335000135
CATCAAGGTTGTCCCT-1,16.093435942146744,-26.075740664357408
CATCCGTGTATCGCTA-1,-11.50505364152619,1.2093128914488682
CATCGCTTCTTTGCAT-1,-4.950969772014628,1.6124943111643268
CATCGGGTCGCTACAA-1,16.316749193990336,-24.853337118733297
CATCGTCTCCGTTGAA-1,-6.0234953100723905,-3.6692076211271134
CATGAGTCACCATTCC-1,-5.662969945606707,-4.180748196729781
CATGCCTCAATTGCTG-1,15.657079959747819,-25.836518118855764
CATGCCTCAGGCTATT-1,6.7611261368566975,6.1141799920667275
CATGCCTGTTCCGCAG-1,6.79721718285244,7.721777842660142
CATGCGGTCGGTCGAC-1,-10.96017138877347,0.9534450495268375
CATGCTCGTCTCTCAC-1,16.275900984504503,-26.366861084918852
CATTCTAGTAGCTTGT-1,-8.06731294200191,-3.618852120250862
CATTCTATCAGTAGGG-1,7.396242539855355,7.617094517791381
CATTGAGAGGGACCAT-1,6.5624950994443765,9.424299452412837
CATTTCATCTCTCTTC-1,7.619031056713572,8.039772599049625
CCAAGCGAGCTAATCC-1,-9.872789558857821,2.1164502131051184
CCAAGCGAGGTTCATC-1,7.359830477954019,5.562668064520647
CCAATGAAGGTCACTT-1,16.80601142884207,-25.04861974817193
CCAATTTCAAAGGCTG-1,-7.988784280330851,-3.6911261493773173
CCAATTTCATTCGATG-1,-5.159996279459275,-4.792851820742455
CCACACTCAGGACTTT-1,6.375283694396608,12.196104696653236
CCACCATAGGTCATCT-1,-6.967337223404444,-1.9905928649550395
CCACGAGGTAATCAAG-1,-5.849509135347357,-0.3269589400466842
CCACGAGTCTTCCTAA-1,6.420217932452838,8.49494313779364
CCACGTTTCATCAGTG-1,14.853543374855427,-24.524028855111705
CCACGTTTCGTGAGAG-1,-10.33644552167826,-0.5880650729360114
CCACGTTTCTGCTGAA-1,14.719734454772048,-24.320043894868252
CCACTTGCAGCTATTG-1,-7.028421701154915,-3.1008125015887416
CCACTTGTCGCAGAGA-1,6.517797411297765,12.05643997212211
CCATAAGGTGAGGAAA-1,8.549906477803255,7.650992597364707
CCATCACCATTAAAGG-1,14.926719849833287,-24.492445606764637
CCATCACTCTAACACG-1,7.244034280799261,5.91623126590768
CCCGGAATCAAACCCA-1,-9.565488966202478,1.7396164669367606
CCCTAACCAGGTTCGC-1,-10.028956507708434,1.6565691423485125
CCCTAACGTAACTGCT-1,6.121688419874629,10.277554374720973
CCCTTAGGTTTCCAAG-1,-8.043764268017261,-0.5738948984833003
CCGAACGAGCTAAGTA-1,-11.917359587519345,0.8078210841877229
CCGAACGAGGAACGCT-1,6.7996417384840235,9.972246573980923
CCGATCTGTGGAGGTT-1,8.033476017105349,6.488331994088838
CCGATGGGTTCTCGCT-1,7.653525237077875,10.406326320794307
CCGATGGTCACCTCTG-1,6.570078919427932,4.993370134206485
CCGATGGTCTGTCGCT-1,14.406545935823821,-24.008835786219656
CCGCAAGCATTCAGGT-1,-10.176524348775848,2.0592269023591085
CCGCAAGGTACCAGAG-1,-7.577949735067216,-0.5913248941994103
CCGGACAGTGATACCT-1,6.297992922425432,10.233288119733354
CCGGGTACACTCCGAG-1,6.919469137635106,9.166106859011501
CCGGGTACATACCAGT-1,-6.261390724752288,-0.40497057190833957
CCGGTAGGTAGTACGG-1,-4.512775796805254,-5.240417041075031
CCGTAGGGTTCCCACT-1,-4.488271999761592,-5.561616104766689
CCGTAGGTCATACAGC-1,16.64310389329662,-25.922582998819614
CCGTGAGAGAGGTCAC-1,-5.497139246072748,-4.393581568547044
CCGTGAGTCGCCTTTG-1,16.252015667840965,-26.070902377143064
CCGTTCACAGAAGCTG-1,-6.715451376439087,-1.6905550937208638
CCTAAGAAGACTCTAC-1,-7.791104629806534,-1.7661988349015203
CCTATCGAGACAGCGT-1,8.151690016746588,7.228813465132991
CCTCAACTCTTAGCCC-1,-9.433660323522291,1.5878689358212592
CCTCAGTAGCAAGGAA-1,5.800117834267259,4.825092078551717
CCTCAGTCATGATGCT-1,-9.934352616906944,1.9084124854593483
CCTCAGTTCCGAGCTG-1,15.689140918467295,-25.14661494280021
CCTCATGCACTATGTG-1,-4.85293317478602,-5.417812210570287
CCTCATGGTTTCGCTC-1,-9.14497520272968,0.31418739831674536
CCTCATGTCTCTCAAT-1,7.440971807071832,6.459132034447083
CCTCCAAAGGCCCGTT-1,7.151929315869556,9.189470378027176
CCTCCAAAGTATGATG-1,17.14258971855804,-25.366533739896305
CCTCCAACAACCCTCT-1,-5.259301794206525,-4.767558256280395
CCTCCAACACAATGAA-1,15.694718193928662,-26.113108367654345
CCTCCTCAGTCCCGAC-1,15.669370941455428,-26.03905306358356
CCTCCTCCATTCAGGT-1,-9.67423270404458,1.2561220811728384
CCTCCTCTCAAGCGTT-1,-9.900271177980072,2.168221893698041
CCTCTAGCAGACCTAT-1,6.311979730448724,8.953317964813403
CCTCTCCGTGTGCTTA-1,-5.27368660499206,1.0391464294426138
CCTCTCCTCGTTCCTG-1,6.496298143494141,8.118328020497223
CCTGCATAGTGGTGAC-1,7.687008425241931,10.427357428854169
CCTGCATCAACGGGTA-1,-10.211448371329652,2.2936155986821722
CCTGCATGTTCTTAGG-1,-8.113375314039047,-1.1475076346438116
CCTGTTGGTGTGCCTG-1,8.202882519138832,7.452871827416095
CCTGTTGTCAAGAGTA-1,16.027889359246295,-25.63053377727584
CCTTCAGAGGAACGTC-1,4.150962042584764,15.047401846801124
CCTTCAGCACAGAGCA-1,14.180850482605237,-24.097737907156088
CGAAGGATCGACGCGT-1,-8.90953813069373,-1.2783747470935607
CGAATTGGTCTGTTAG-1,-11.887810924222418,1.3618199248756149
CGAGAAGTCAAGTTGC-1,-3.7233188884500787,0.9133033518696578
CGAGAAGTCCAATGCA-1,7.434372074060219,10.005830692149562
CGAGGAAAGTCGCGAA-1,-12.472931681060311,1.2302517751242714
CGAGGAACACTGATTG-1,16.3023474350773,-24.607580428942146
CGAGGAAGTCCTGGGT-1,-4.751436643175233,1.8623243189895087
CGAGGCTCAGATCACT-1,16.527604526008957,-25.820111244780385
CGAGGCTCAGCATGCC-1,7.012849141206702,7.109874482756613
CGAGTGCGTTCCGCGA-1,-9.717866645176047,-2.1233884457609653
CGAGTTAGTCGAGTTT-1,7.545249115040383,5.7804563825689526
CGATCGGCAATTGGTC-1,7.808936083713083,5.261030992091861
CGATCGGCAGCGTGAA-1,-12.39045618715623,1.2276595402519688
CGATGCGAGCAGAAAG-1,-11.63440118615993,1.8601036964453992
CGATGCGTCGAACCAT-1,16.643081048864026,-24.07670761926183
CGATGGCCACTCGATA-1,-9.401783608684202,-1.691079164511637
CGATGGCGTAGCGTCC-1,-9.203064200226782,-1.404790785480309
CGCAGGTGTGCTTCAA-1,16.89341183598782,-24.974410781293408
CGCATAAAGTGATGGC-1,6.313127418094088,9.50640587769107
CGCATGGAGGCCACTC-1,-4.4026316848162415,2.204203731223267
CGCGTGAGTACAATAG-1,16.92258328752907,-25.491197669973022
CGGAACCGTATCACGT-1,7.6216469521500985,5.663685892339793
CGGAACCGTTTGCAGT-1,14.985230050621503,-23.970343477399226
CGGACACAGGACAGCT-1,8.46720577560403,7.218130939958731
CGGGACTGTTTCACTT-1,-4.805733586118058,-4.8313450631303505
CGGGTGTTCCGTGACG-1,8.317767445148725,6.760530188415162
CGTAAGTGTGATAGTA-1,-9.95449002605803,-1.5687406847444247
CGTAGTATCAGCCCAG-1,-5.85343830059621,-3.836343533074775
CGTCAAACAGAATGTA-1,-4.961769814930451,-4.774494457819307
CGTCCATGTTTGGAAA-1,-11.63374483398322,1.9139828258524223
CGTGAATAGTCGGCCT-1,-10.190364712764463,0.13129127679681585
CGTGATATCTGGTGGC-1,-6.046530839307891,-0.22554784238273817
CGTGCTTAGCTTTGTG-1,7.217849889830698,6.200487991819289
CGTGCTTCAAGCGCTC-1,7.243649173953332,8.815887162062747
CGTGCTTGTTTAGACC-1,-9.466353819023137,-2.123470851627252
CGTGTCTCACAGTACT-1,-9.88318838390841,-1.5242501942018758
CGTGTCTCATGGGTTT-1,-10.3400381715508,0.053320058175260414
CGTGTCTGTCAGTTTG-1,6.139212898400445,9.254479171993824
CGTTAGATCAGCCTCT-1,6.375353237592179,11.942819311967776
CGTTAGATCATTATCC-1,7.453314419017009,7.945700252527115
CGTTAGATCCAAGAGG-1,6.392704057789897,4.698160505014985
CGTTCTGTCAGCGCAC-1,-10.30282787331413,0.49911769179620374
CGTTCTGTCCCGAACG-1,-4.325887675072539,-5.4091818664373195
CTAACCCAGCCGCTTG-1,-9.84981405739121,2.0428356217516246
CTAACCCCACTTCAAG-1,-8.066528221776306,-1.093331778581614
CTAACTTAGCCTCACG-1,-6.5479794794345505,-0.013716827975042178
CTAAGTGCACAATGCT-1,14.815421445529438,-23.945887180778012
CTAAGTGGTCCACTCT-1,-7.33512824331288,-3.6175499356953513
CTACAGACAACAAAGT-1,-3.800930224653196,1.032152919061882
CTACAGACAGGAATAT-1,-6.2796250135402145,-0.13210472323187666
CTACAGATCAGGAGAC-1,-6.860359703106133,-2.193017498587939
CTACCTGTCTCGAACA-1,6.818395608195878,6.600257430288068
CTACGGGTCACCATAG-1,-4.892733052674977,1.8004217103061484
CTACGGGTCGTTCAGA-1,-6.271712061675447,-3.4866530219547447
CTAGACAGTCGTGGTC-1,6.367958200948485,11.99220384120725
CTAGACAGTCTAACTG-1,6.167384717461817,9.768828288956517
CTAGGTATCTAACGCA-1,16.890681695879614,-25.558299813610247
CTATCCGAGCTGTTAC-1,-10.193678699666759,0.9688362349220261
CTCAACCGTGGATGAC-1,14.275208144308628,-24.24829888172664
CTCAACCGTGTGTCGC-1,15.84646547401099,-25.00233052902074
CTCAAGAAGATTACCC-1,-8.837605825753178,-0.3930701249901112
CTCAAGACATCCTGTC-1,6.1854222867002315,5.695421242706961
CTCAAGAGTCAAAGAT-1,-4.831322549704267,-5.557096854242407
CTCAATTTCGGAAGGT-1,8.459291422241684,7.019707613980859
CTCACTGCACCTTCCA-1,-10.023700983830794,1.6609710743903972
CTCAGAACAATTGTGC-1,16.06263134868133,-26.404168282241674
CTCAGGGGTCATCGCG-1,6.871320929218679,5.788817962541761
CTCAGGGTCTCACCCA-1,6.404413664430964,12.005052786225905
CTCAGTCAGGGACAGG-1,-4.336935721375144,-5.233928089078217
CTCATCGAGAGGCGTT-1,-11.478702471872637,1.1151409155470362
CTCATCGTCGTACCTC-1,16.522904503298196,-24.474733379211173
CTCATTAAGGAAGTGA-1,7.720785073944297,6.001213330530385
CTCATTATCGTACACA-1,7.777707864050879,10.5616476583454
CTCCAACCAATCTCTT-1,-7.099315626078632,-2.962833953665778
CTCCAACGTAGTGTGG-1,-9.686275442859253,-1.6042427877957628
CTCCATGAGACAGCTG-1,16.233786791179973,-25.123573043983242
CTCCATGGTGTTGACT-1,6.730379248335984,4.8399488826962935
CTCCATGTCATCGTAG-1,-11.491426163188578,1.3147258410920812
CTCCATGTCGTCGATA-1,7.866539030106848,8.401438397890656
CTCCCAATCAATCAGC-1,-4.947071983864389,-5.5507248971206655
CTCCCTCAGCGCGTTC-1,7.040736150959432,8.25231548540021
CTCCCTCCACCGGAAA-1,6.457798363216369,9.232265153122711
CTCCCTCGTTTACGAC-1,-6.485861318102018,-2.0748951817856915
CTCCCTCTCATCGCTC-1,-6.421451152734613,-1.7806786603595885
CTCCGATTCCTTTAGT-1,-7.425755518380009,-3.3843272015996457
CTCCGATTCTTTCTAG-1,-9.482088079297464,1.6780766134144725
CTCCTCCTCACCTCTG-1,-9.625048874375324,1.6615016643834053
CTCCTTTAGATGCTGG-1,6.413599054179446,9.704102603901365
CTCCTTTTCTACACTT-1,-9.450811627886706,1.639511469978156
CTCGAGGAGCCTATTG-1,17.23757084725674,-24.965932243887686
CTCGAGGAGGAAAGGT-1,-8.146813969016268,-3.970114005602294
CTCTCAGGTTAAGCAA-1,-10.849861802791994,2.055106277495236
CTCTCGATCCATAGGT-1,16.1368050098524,-26.07696049963134
CTCTGGTAGTAGGATT-1,6.0753761674362865,4.786850537314304
CTGAATGAGCTCTATG-1,7.549525138518735,5.353777423760987
CTGAATGAGGCGAACT-1,-12.150529306609693,1.5425723855858005
CTGAGGCGTTCAGCGC-1,17.050300518216094,-24.283110225859375
CTGATCCGTCGCGTCA-1,-10.238162658306884,-1.600742738695829
CTGATCCTCCCTCTAG-1,-7.060077294919075,-3.4220674803197704
CTGATCCTCTCTCCGA-1,4.094544471193207,15.011092878835504
CTGCAGGAGCCATTGT-1,-11.00805220023784,0.13258193408881197
CTGCATCAGCGTCAAG-1,6.016517473577716,4.937485896742807
CTGCATCGTAAGCTCT-1,-11.620461894302673,0.8772700038233905
CTGCCATTCAGTGTTG-1,-9.29010629555832,-1.4494567886729617
CTGCCATTCGGAACTT-1,6.446483059456197,8.99356315928375
CTGCCTACAAGACTGG-1,6.755945991298175,6.121518561696993
CTGCCTATCTTGATTC-1,15.800840026528872,-26.131301369935397
CTGCGAGAGATTAGAC-1,7.631895352815171,5.538271716270957
CTGCGAGAGTGCACTT-1,7.875574597967577,7.324194135536344
CTGCGAGCAGATTCGT-1,15.456782290785634,-24.598701068032756
CTGCGAGGTAGGTTTC-1,6.290180679533286,4.984381846204908
CTGCTCACAGCGTTTA-1,6.2343114453508965,11.0481083403643
CTGGACGCAACGATTC-1,-8.815681125385966,-1.70885186349367
CTGGACGCACACGGTC-1,8.228777320716702,6.632339349964791
CTGGACGGTTCCCAAA-1,-7.927338936102705,-2.1609504350949122
CTGGACGTCTCATTTG-1,6.232269960914896,9.37054750451547
CTGGCAGGTTGCAAGG-1,5.919220524275681,4.713049877284752
CTGGCAGTCGTCTCAC-1,-9.340438673378614,-0.8381651663439723
CTGTCGTAGCTGGCCT-1,-11.015484772289565,1.9947022283492974
CTGTGAAAGGAACGCT-1,6.832702544152497,7.40259067655781
CTGTGAATCATCGCTC-1,7.4579811740466235,6.110852564386312
CTGTGGGGTCGTGATT-1,-3.8387337524715264,1.0398698123640606
CTTAGGAGTCTGTGGC-1,17.06163994034779,-25.607767836369913
CTTCAATGTTGGACTT-1,-9.762348854017766,1.823641267196037
CTTCGGTCACGTTCGG-1,16.514389410932697,-25.388618063169233
CTTCGGTTCCAAGAGG-1,16.41961511984455,-25.2202791413389
CTTCTCTTCCTACAAG-1,-7.845661929089363,-1.0740267069712688
CTTGAGAAGAATTGCA-1,-11.598548223217971,1.5317664741265153
CTTGAGATCCCGAGGT-1,-4.709115173072623,1.9969429443855713
CTTGATTAGGTAGGCT-1,-10.550329623372786,0.1676365684897274
GAAACCTAGGAGGTTC-1,6.06506072691518,5.237413787197707
GAACACTGTTGGACTT-1,16.3885224015725,-25.9625345837164
GAACGTTGTCAGGAGT-1,7.34572892833551,6.724669921455914
GAACTGTCATCGAACT-1,-10.111076114777802,0.7704262807033202
GAACTGTTCTCAAAGC-1,-8.804280529963231,-1.3708341804075355
GAAGAATAGGTACAAT-1,7.737468724857421,7.491407477537179
GAAGCCCCAGGAACCA-1,6.193945162580602,10.729900915907427
GAAGCGATCAGTAGGG-1,-7.383116928019112,-3.2473033382334635
GAAGGACGTCTGCCTT-1,7.572057917903171,7.393767327787274
GAAGGGTTCGCAGATT-1,-12.343771325209664,1.0055621192726525
GAAGTAAGTCTAGATC-1,-9.483062141264147,-1.623842187124708
GAATCACCAGTGGTGA-1,-8.273858886960346,-1.094980662446949
GACACGCCAGTCCGTG-1,16.472713204232768,-24.963144078839534
GACACGCGTTCCAAAC-1,15.025395747770292,-24.1533854895401
GACAGCCGTATCGTGT-1,-7.2813816987722815,-3.8484808343128947
GACATCAGTAACGATA-1,-4.274577900426713,2.1620172287282493
GACCCTTCAGCGTATT-1,6.348900210800063,11.921536142873713
GACCCTTCATCATCTT-1,-7.803698464775798,-0.2588121613823175
GACCTTCCACCTGCGA-1,7.633745670625873,6.987664999042942
GACCTTCGTCGAGCTC-1,-11.66280860141584,1.5678944313781364
GACTATGCAGTCCCGA-1,-5.565807192198564,0.5702351564379835
GACTATGCATCATTGG-1,7.8877784303142535,7.563869583355213
GACTATGTCCAAGGGA-1,-9.373715638346537,-0.7033678717486754
GACTCAATCTAGTGAC-1,-4.721947127527295,2.1396317107247036
GACTCAATCTCCCAAC-1,7.270479567589563,6.419107707723378
GACTGATTCATCCTAT-1,-9.661736553899516,1.3964571249756135
GACTTCCTCCTCTAGC-1,-8.899394706999846,0.0517815003096996
GAGAAATCATTGGATC-1,-9.499852014665079,1.3527213389673116
GAGACCCAGTAGGATT-1,7.811438517332705,8.29735797229597
GAGACTTAGTCACTCA-1,-4.883144252092029,-5.594889189155067
GAGACTTCAGGCTATT-1,6.991471930752833,8.40931255637761
GAGAGGTTCATAGACC-1,-11.711066189393215,1.7866031006799539
GAGATGGCATGTAACC-1,-11.515049010685342,2.0524276402938026
GAGCCTGAGCGCACAA-1,-4.90546337285858,1.8011010361082467
GAGCCTGAGGCAGCTA-1,-2.737874512648897,12.14898125227806
GAGCCTGCAGTCTCTC-1,-7.432136202217865,-2.386962333528207
GAGCCTGGTCCACGCA-1,-8.282008108390093,-1.3968873537923945
GAGCTGCGTCGGATTT-1,7.317330848480125,8.674985465224864
GAGGCAAAGTCACGAG-1,-8.30980895478116,-3.356824087605055
GAGGGATCACTTGGCG-1,-11.021867736447682,0.631198162520203
GAGGGTACAGTTTCAG-1,-9.498626542518153,-0.501615905013608
GAGGGTAGTCAACACT-1,-11.996353250148093,1.2888661291938521
GAGGGTATCTGTCCCA-1,-10.01871625153363,-1.1771380889234888
GAGTCATAGGGTTGCA-1,16.822317773003082,-25.643797566797424
GAGTGAGGTCGGCTAC-1,16.708088994573558,-24.72631679289258
GAGTGTTCACAAGCTT-1,17.28499703112795,-24.78260493390182
GAGTGTTGTACGTAGG-1,-6.51464106193501,-3.2549930986923608
GAGTTACAGACGACGT-1,-10.566058267507621,-0.15069757647515808
GAGTTGTAGCGTTACT-1,8.321881133756408,7.974266836041412
GAGTTGTAGTGCGTCC-1,7.24750883582293,5.441161766008533
GAGTTGTCACGGTGCT-1,-5.6241652261152115,-4.23246620384719
GATAGCTGTCGGAAAC-1,7.363529606651826,9.1143115270136
GATAGCTGTCTGTTAG-1,-8.272335871340774,-1.5096633547697456
GATAGCTTCGTGCAGC-1,16.777525690275503,-24.17773111519026
GATCACACACCCTGTT-1,-7.824037617964132,-1.4963916757410725
GATCAGTAGGAACATT-1,17.070711100964026,-24.515788964518084
GATCAGTAGTGCGCTC-1,-10.7474196502568,0.7825508347350429
GATCAGTGTTACAGCT-1,-5.152511897048129,0.9275492423683354
GATCATGAGGCCTAAG-1,-8.9257202166977,-1.8066886766928427
GATCCCTAGAGGATGA-1,-11.205597419018954,1.4827643598714213
GATCCCTGTAATTAGG-1,-10.280931873338739,2.050194880467142
GATCGTACAGCGCGTT-1,-8.888863544658477,-1.5601120511326665
GATCGTATCTCTGGTC-1,-4.755481993102062,-4.750672243348607
GATGACTAGAGGTTAT-1,17.18067700591241,-25.257146667287568
GATGACTTCGTGGCGT-1,-10.610925111098439,1.1886328398812671
GATGACTTCTCTAGGA-1,15.984465307795732,-26.14560027019943
GATGAGGCAAATGCGG-1,-12.378195030406019,1.022687917660649
GATGATCGTATGGAAT-1,-7.5547527417531,-3.509949606431403
GATGATCGTGTAACGG-1,15.917301530804034,-25.034395594533745
GATGCTAGTACAGGTG-1,-10.860464194869124,0.9004602475719676
GATGCTATCCTACGAA-1,-6.134931744864776,-0.8646884059741524
GATGGAGAGCCAGACA-1,14.604545217994472,-24.05516680355782
GATGGAGCACTTGAAC-1,-9.372562605319517,-1.0319391911982128
GATGGAGTCTGCGGCA-1,-11.660203921428122,1.4193792025487713
GATGGAGTCTTCCAGC-1,7.227236414497521,6.767706006351937
GATTCGAGTCGCACGT-1,-5.062940958743551,1.6417096413754695
GATTCTTGTACAGTCT-1,-8.720311231150145,-1.5460214912486079
GATTGGTAGGCTGGAT-1,-6.069407310625564,-0.7281894123099539
GATTGGTGTTGAGAGC-1,-9.325451944939823,-2.1291704166963474
GATTTCTCAAGTGGGT-1,-6.146331278257294,-3.591099545487709
GATTTCTGTCGTCGGT-1,-5.346611766198694,0.789465307776446
GATTTCTTCCTTCAGC-1,16.019870276072123,-26.189757799157235
GCAACCGTCATTTCCA-1,-5.4620744047713545,-4.379454926289803
GCAACCGTCGAACGGA-1,16.953272047671206,-24.315373553165117
GCACGGTAGTAGTCTC-1,-9.615985172975419,-0.992786053485231
GCACGGTCACCCAACG-1,16.059465674377098,-25.005112990284125
GCACGTGTCAGACATC-1,-4.5155018796339,-5.518015003064092
GCAGCCAAGAGGTCAC-1,16.62636449242742,-25.139525081907646
GCAGCCACATACATCG-1,16.46857336532179,-25.471034464314144
GCAGCCAGTTGCGTAT-1,14.67865371931803,-24.216865349681363
GCAGCCATCACCGGGT-1,-7.768818038556423,-3.8981382551079657
GCAGCTGGTAAGTTAG-1,6.6859710248710575,8.815372304552236
GCAGCTGGTGGGTCAA-1,16.49993691278191,-25.20844095804104
GCAGCTGTCAAAGCCT-1,-2.768997537654059,12.117911184382445
GCAGCTGTCCTTCTGG-1,-7.477174685438501,-3.443727310276306
GCAGTTACACATTCTT-1,7.0672009701446985,5.604928930720938
GCAGTTATCTCTCTTC-1,6.507648072538877,12.030503747317026
GCATCGGGTAACGATA-1,6.5573615847840125,7.477384627258091
GCCAACGTCTAACGCA-1,-4.9232257040330225,-5.505383567716921
GCCAACGTCTGCATAG-1,7.1692998856268275,7.908420417921884
GCCAGGTGTTAGAAAC-1,-10.597010863498612,0.37455362964568906
GCCAGTGAGTCCTACA-1,16.65136810367509,-24.313507915281296
GCCGATGAGGCGAAGG-1,-4.84553247040147,1.8992183972277692
GCCGATGAGTAACCTC-1,-10.969796623886799,1.4130761827843255
GCCGATGCATCTTTCA-1,16.23523780006382,-26.056114364564635
GCCGTGACAACGACTT-1,7.573152344087629,5.405860496372873
GCCGTGACATGCCGGT-1,-8.549867727623962,-3.5347096238543676
GCCGTGAGTCAGTCCG-1,4.250821671397953,15.08109085393578
GCCTGTTCACAGTCAT-1,6.197971017725573,9.937538307027744
GCGAGAAAGTTGTAGA-1,6.396900722208177,11.83994702631653
GCGAGAATCCTCAGAA-1,-10.158390377995458,2.1823872930944357
GCGGAAAGTGTGTCCG-1,-5.945392596476703,-4.128062492287697
GCGGATCAGCAACTTC-1,7.301619940244649,5.353427177887989
GCGTTTCAGTCTAGCT-1,-6.881435234939613,-1.4799504525554557
GCTACAAGTCAGCTTA-1,16.22220039772431,-26.580755598851965
GCTACCTCACGCACCA-1,6.470954044010502,8.699589941430217
GCTACCTGTCCTACAA-1,8.01223201148305,7.814741385365469
GCTGAATAGCACTCTA-1,15.21881985250183,-23.9858539628973
GCTGAATCACACGGAA-1,16.381951771366698,-24.757479873738543
GCTGAATTCGTTAGTG-1,7.306500204733886,7.701030727175557
GCTGCAGAGGGCAGAG-1,14.252792599829649,-24.180294739077524
GCTGCAGGTGCTGATT-1,-9.888648252463861,-0.47701298428673583
GCTGCAGGTTGACGGA-1,7.5798984020111755,6.31529748360065
GCTGGGTAGTACAACA-1,-4.611724658666051,-5.561497151237283
GCTTCACCAACACGAG-1,7.104661373635663,10.108915444979582
GCTTGGGAGAAGGTAG-1,6.260778013823393,10.557079494414902
GCTTTCGAGTGCAAAT-1,8.359266356654539,7.204688507946113
GCTTTCGGTTCGGGTC-1,-9.534775503387289,-0.06141284521452603
GCTTTCGTCCGGTAGC-1,-9.838810748839173,-1.7637454210929544
GCTTTCGTCTGGGTCG-1,6.282177938096104,10.319761491791844
GGAACCCAGCCATTTG-1,8.046151828190677,7.6151740914932535
GGAACCCTCTAATTCC-1,16.337765892098528,-25.932947436032354
GGAAGTGCAACCCTCT-1,7.070065957839472,5.0950399172372345
GGAATCTCAAACTGCT-1,-10.496875185161336,1.605644310461864
GGAATCTTCAATCTCT-1,-8.21823574289904,-1.5820111109908894
GGAATGGAGGACTAAT-1,6.321037267185938,10.277314116070455
GGAATGGCACGACGCT-1,-12.277082348613838,1.6663208731910641
GGACGTCGTTCAACGT-1,7.665117898657014,8.317247680265673
GGAGAACGTGCCCACA-1,6.035556934464227,4.826050484836901
GGAGGATGTATGAAAC-1,8.393804305775673,7.7359047818828275
GGAGGTAAGGCGTTGA-1,7.8564212402171725,6.19314824307652
GGAGGTATCTGGTGCG-1,6.403784940041075,4.770424777910952
GGATCTAAGCAATTCC-1,-4.99907491596056,1.5193102471722857
GGATCTAGTGCCTGCA-1,4.144328259643507,15.05333033902542
GGATCTATCACCTACC-1,-9.619062574233169,0.17323437292974198
GGATCTATCATAAGGA-1,-7.722157744491866,-3.9506213109413992
GGATGTTAGCCGGATA-1,-8.383914891638275,-1.2983379790165723
GGCACGTAGGCCCGTT-1,-4.895007440420747,1.7519238203425676
GGCGTCACATTGTGCA-1,-6.289338071933389,-1.5511925665060013
GGCTGTGCAAAGCTAA-1,-4.330356473108495,-5.236324026538212
GGCTGTGCACGGTGAA-1,15.913648538923285,-24.67922593994864
GGCTGTGGTCCACATA-1,7.466647710816707,5.20068076658931
GGCTTGGCACCGAATT-1,16.203097185003124,-25.00839953580931
GGCTTGGGTAGATCGG-1,15.945526603225696,-24.171306421226465
GGCTTGGTCTTCTTCC-1,5.929695211155415,4.860472480374339
GGGACAATCCGATCTC-1,7.055737698116025,8.920695484267492
GGGACCTGTTAGGGAC-1,-6.039764306402932,-0.36516335415400686
GGGACCTGTTCTTGTT-1,-9.588339826670955,1.5324142988962888
GGGACTCCACATATCG-1,-11.286727370054233,0.9806329103615932
GGGACTCCACGGGCTT-1,7.409481592024318,9.574969354507438
GGGAGATCACGGGTAA-1,-11.79985328572548,0.6264577285408499
GGGAGATTCACGGACC-1,16.735637943469627,-24.96597691738663
GGGAGTAAGCAGGCAT-1,6.861411637373218,8.493697144882603
GGGAGTATCACCTCGT-1,5.9064559144154645,4.656935448181025
GGGAGTATCTTAGCCC-1,7.553992667256116,5.549717438463447
GGGATCCAGGGCAATC-1,-4.577333818893106,-4.853734932433746
GGGATGAAGGGAGGGT-1,-12.453390371029379,1.3979554314447389
GGGATGAAGTCCCGAC-1,-9.470217916231995,-1.9049283892062987
GGGCCATTCAGACCGC-1,7.508095965155742,7.640019362834302
GGGCTACAGACCAAAT-1,-11.170342721107632,1.484601422469074
GGGCTACAGGCAGTCA-1,-11.788236941875656,1.6595264002064916
GGGCTCATCGCAATTG-1,-9.306370852770103,-0.880796525058837
GGGTAGAAGTAGGGTC-1,-12.125838475419854,1.7313872763460707
GGGTCACCAGGAGGTT-1,-10.059634658879537,-1.1744315539975354
GGGTCACGTCCTTAAG-1,6.971038954858422,8.995488132927493
GGGTCACTCACAAGGG-1,7.649014761403711,6.511406472694562
GGGTCTGAGTCAACAA-1,5.659704823296977,4.743870355881773
GGGTCTGGTTTGAAAG-1,-9.202140222919118,-1.5945640295101946
GGGTCTGTCCCGTTCA-1,7.574827449012179,6.040518137719473
GGGTGAACATAAGCAA-1,-9.304435692899363,-0.6869427047172075
GGGTTATCAGCCATTA-1,-9.272489787640735,-2.459856684797438
GGGTTTACACAGAGCA-1,7.873391094336248,6.342162752310425
GGGTTTACACTAAACC-1,15.147968228139849,-23.901276578037653
GGTAATCCAAAGGAGA-1,-8.074118198850176,-3.896650057752145
GGTAATCCACAGCATT-1,6.698747785921594,8.854604416721639
GGTAATCCATACCACA-1,6.979063762772576,6.784180460324785
GGTAATCTCAAGTTGC-1,6.18478226724295,9.454998762185864
GGTAGAGAGACCAGCA-1,7.576508048208346,6.738085239881679
GGTCACGCAATGGCCC-1,-9.87184972969817,-0.15914941718203326
GGTCACGGTCGTGATT-1,-11.477062436890815,1.4628631715272689
GGTCTGGTCAGACATC-1,16.138861298020835,-26.128162230601873
GGTCTGGTCTCCCAAC-1,-8.191289282559755,-3.630695430291913
GGTGATTAGCTGTACT-1,17.111877033560525,-24.908370318064637
GGTGATTCAGCTCGGT-1,7.990849222449818,7.786632374587997
GGTGGCTGTGCGCTCA-1,-4.419459847856301,-5.3017529912337205
GGTGTCGCAACGATCT-1,8.012724247046451,6.797323934681528
GGTGTCGGTGTTATCG-1,16.42441263924149,-24.036869815907675
GGTGTTAGTGGATTTC-1,14.131916126231726,-24.23331203585605
GGTTAACTCACTCACC-1,-5.246628866280521,1.1209931392112076
GGTTCTCCAGGTTCCG-1,6.844245374415176,5.489785819008774
GGTTGTATCGAAGGAC-1,-3.702364522347084,0.9285805983416038
GTAACACAGAAAGCGA-1,-6.6888872520893345,-1.9137314784765858
GTAACACAGCTCCGAC-1,6.476125150803122,12.082091984099282
GTAACACGTAGATGTA-1,-6.892397366430167,-2.958475282624143
GTAACACGTGGCGTAA-1,5.817725239859576,4.814557672268925
GTAAGTCTCGATTGGT-1,-11.502925612811163,1.7579627563913276
GTAATCGCAGTTTCGA-1,-8.527703554612602,-3.2223694261020546
GTAATCGGTTGCGAAG-1,-4.749470072084281,-5.507985805464044
GTAATGCCACCAGTAT-1,7.490946060260836,8.406155940001057
GTACAACAGATAGCTA-1,-4.686680968962884,-4.973204009823166
GTAGAAACATGGACAG-1,7.366377065739158,5.7405290040827985
GTAGAAATCTGAGATC-1,7.251102344611773,8.565247255213619
GTAGAGGCAACTTCTT-1,-9.050401744592046,0.786702779369682
GTAGATCCATCCCGTT-1,-10.101325400585255,-1.610775999805591
GTAGATCTCCCGAAAT-1,17.23873224619356,-25.134081969557162
GTAGCTATCTCATGGA-1,8.13991978784497,8.273446297963986
GTAGGAGTCCGTCACT-1,-4.5245178529887236,-5.447217088170702
GTAGGTTCAGAAGCGT-1,-12.190787170244414,1.4709515056470326
GTAGGTTGTGTTCGTA-1,-6.492743855105282,-3.3652227792203333
GTAGTACCACCCTATC-1,7.237554105439898,9.212188796160438
GTAGTACTCTGTGTGA-1,7.800514755325934,10.574757211264785
GTATTTCAGAAGAGCA-1,-12.319740343951715,1.1546588333619825
GTCAAACCAAGCACCC-1,-9.917893891852966,0.4750017634621289
GTCAAACTCAATGCAC-1,-5.984233822797117,-0.21196592983918616
GTCAAGTCAATACCTG-1,-6.704649131369512,-1.887919245387897
GTCACGGAGCGGGTTA-1,-11.890456562406138,1.0764377694843328
GTCACGGCACCGTACG-1,-9.495933743756924,-1.5119046062259878
GTCACTCTCTTGAACG-1,-9.736926980472656,1.1542060731475483
GTCATGAAGACTCATC-1,-5.390185047597215,0.8489071748105254
GTCATGAAGTTTGGCT-1,7.683713363517459,6.9932583599803415
GTCATGACATTGGATC-1,16.408368310666933,-25.88559691893537
GTCATTTCAAGAGAGA-1,-11.81105768128752,1.9437427634731927
GTCATTTGTACGACTT-1,-5.800845194606823,-0.21547457103750986
GTCATTTTCCTAGAGT-1,-5.946969287910511,-3.9519458794165376
GTCCCATCATGCCGAC-1,-11.254737309219388,0.9553769326845901
GTCCTCAAGTCACGAG-1,14.167276764371616,-24.212211290478415
GTCGAATAGGAGTATT-1,16.497138927323366,-25.28583055802782
GTCGAATCAGAACCGA-1,6.7944733181714305,5.350353367333062
GTCGAATGTCAAGCGA-1,6.780374748045677,4.79474409381583
GTCGCGAAGCAGCGAT-1,-8.06013208277492,-3.9354826336855098
GTCGCGAGTTTACCTT-1,-4.562168622504507,-4.932549292798338
GTCTACCCAGGAAGTC-1,-10.9913390004282,1.835302476144635
GTCTAGACAATGCAGG-1,-4.791363397050107,1.9175422292333062
GTCTAGAGTATGTCAC-1,7.462531751791407,10.169628444850213
GTCTAGATCGAGAGAC-1,15.011102228501885,-23.949810784453753
GTCTGTCAGATACGAT-1,-10.329333804836736,0.24268610146548517
GTCTGTCTCGAGCCTG-1,-4.43833072879928,-5.187155478642257
GTGAGCCCATCTTCGC-1,-5.93267539397431,-0.46262358207082527
GTGAGCCGTGATCGTT-1,-4.600240429609327,-4.831723961112855
GTGAGCCTCTGGAAGG-1,7.5558408169618385,6.264756772906853
GTGAGGAAGCATTGAA-1,-8.931496422392852,-2.5140626254429708
GTGAGGACACAACATC-1,-8.110000115792923,-3.541115216700684
GTGAGGACACTTTAGG-1,-11.563171019431607,2.0454591773107134
GTGAGTTTCCAATGCA-1,-8.994134658160334,-0.7707312464570016
GTGATGTAGACATCAA-1,-9.398621093041616,-0.9590582633761382
GTGCGTGAGCTTCTAG-1,6.916001185536546,8.413165150423488
GTGCTGGCAGGCTACC-1,-4.944248369255565,-5.323413396663726
GTGCTGGTCAAACCTG-1,-10.314392247968124,1.8114473217486702
GTGCTTCAGACCATAA-1,7.019109968883704,6.310856840395171
GTGCTTCCACTCATAG-1,-4.95105713619315,-5.3320553479753805
GTGCTTCGTCGCTTGG-1,7.912945801542032,6.107877257652695
GTGGAAGAGCCAAGTG-1,15.465871942330207,-25.71838737334957
GTGGAGAAGATCCGAG-1,-5.002119499988698,1.755025491015018
GTGGCGTAGAATAACC-1,-7.134193144879754,-2.6171823316137766
GTGGCGTCAATCGAAA-1,-8.003224755733381,-3.490988222401278
GTGGGAAAGGTCGTAG-1,16.58510779124763,-25.099078338323338
GTGGGAACATGAGTAA-1,-9.728550766374516,-0.6271678685423183
GTGGTTAAGTAACCGG-1,-9.891741955387348,-0.900568574307865
GTGTAACTCTTGGTGA-1,-8.418139737760155,-0.4697335500189622
GTGTCCTAGTCGGCCT-1,-4.605504699228105,-5.118019507522847
GTGTCCTCAGTTGTTG-1,14.755585627197823,-24.337633349115567
GTGTCCTGTGGCCTCA-1,-10.735658339435998,1.4790247041598674
GTGTGATCACTACGGC-1,-8.93240859482362,-1.5612510453156685
GTGTGATTCTTACGTT-1,-4.907707236748715,-4.585151484180237
GTGTGGCAGGTACTGG-1,7.609750649158097,10.232548988396248
GTGTGGCAGGTAGTCG-1,-8.370945886342724,-3.836458934427475
GTGTGGCGTAAGTTGA-1,-4.907294728307156,1.7054369763479778
GTGTGGCTCACCACAA-1,-11.411820152420896,1.6262415469021307
GTGTTCCAGGTGCCTC-1,16.47826001753078,-26.265044074060334
GTGTTCCGTAGTTCCA-1,4.189015235558778,15.081685819215355
GTTACAGAGGGCTAAC-1,-4.95391679888228,1.7237466398364962
GTTACAGAGTGTAGTA-1,-12.409650322498146,1.1716517308429784
GTTACAGCAAATCAGA-1,-8.39825747347218,-0.14724947955463064
GTTACGAGTATGAGAT-1,7.952693451976298,6.9932685005679875
GTTAGTGAGAACGTGC-1,-10.479781628845664,-0.1590177751347911
GTTAGTGCACCTCTAC-1,7.253415254012272,9.239269034042588
GTTATGGTCGTTCCTG-1,-7.028667727039911,-0.8487710190766603
GTTCATTTCCGATGCG-1,3.9184185754781726,14.855223315921213
GTTCCGTAGTTGCCCG-1,6.74184894450573,6.0089236555539856
GTTCCGTCACCCGTAG-1,-7.072454696176461,-3.2594442491507722
GTTCTATCAAATGAGT-1,15.245909884227482,-24.167260565992557
GTTCTATCACGTGTGC-1,6.877477105300426,7.2422505991663915
GTTCTATTCTACACTT-1,-4.963104386179787,-5.58626497087446
GTTGAACAGGAACATT-1,-4.348222985174903,-5.3483960205713625
GTTGAACGTACCCGCA-1,6.72108989023278,9.227409760434806
GTTGCGGAGCTGCCTG-1,-11.496845848825753,1.5753913712260548
GTTGCTCAGTTTCGAC-1,-4.881928443628987,-5.5169792629177685
GTTGCTCTCATTTCCA-1,-8.019860651181466,-0.7767984116433417
GTTGTAGCAGTTCTAG-1,-7.8265389334546525,-3.9750097111929215
GTTGTGAAGACCTTTG-1,-4.676928363028045,1.9886238696467358
GTTGTGATCTCGGTCT-1,-12.134575821950206,0.8942833132549437
GTTTGGAGTGTATACC-1,-8.381340060668961,-1.0791718839578297
TAACGACCACATATGC-1,-10.386607194244277,1.354285915193044
TAACGACGTGCCTACG-1,-6.074231671698173,-0.2285015906358015
TAACTTCGTTGTGGAG-1,-4.510952020118785,-4.928887240155683
TAAGCACAGAAGCTGC-1,-9.236299381621587,-1.9145970187827863
TAAGCACTCACCATAG-1,16.173640811966095,-25.72000477345664
TAAGCCAGTCCAACGC-1,-5.727618375854592,-0.19072658249912408
TAAGCCATCTGGCCTT-1,16.252874700465664,-26.044838017694406
TAAGCGTTCGTTGCCT-1,15.714497643014276,-23.994843941302687
TAAGCGTTCTGTCGTC-1,-11.516061223580714,0.32250576216659244
TAATTCCCACTCCGGA-1,-7.7869261810256045,-2.1198683083683747
TAATTCCGTATTGACC-1,6.278187706458851,11.866177993913935
TAATTCCGTCAGTCCG-1,-9.447557845909785,-0.23188424185608816
TACAACGCAAAGGTTA-1,-11.519301822827714,1.1647284040955974
TACAACGCATAGATCC-1,-9.328206236269658,0.6300853917435691
TACACCCTCGACTCCT-1,-9.58955519466351,1.7680120727949553
TACAGGTTCCTTACCG-1,-9.184673295007254,-0.3765538464674641
TACATTCGTGGCTTAT-1,-9.459370642817953,-0.33245972062358636
TACCGGGTCCTCGATC-1,4.05885772749749,14.971030723702471
TACCTCGCACCCAACG-1,-10.07797432103889,2.129984378599562
TACCTGCAGTCACGCC-1,-4.917814113515163,2.0497574334524598
TACCTGCAGTCTGCAT-1,-8.778051722865195,-0.7943445238859842
TACCTGCTCCAAGCTA-1,16.080648805640195,-26.061593864967595
TACGCTCGTCAATCTG-1,-4.797590553678169,1.9718897743550712
TACGCTCTCTCGGTCT-1,6.922225774798647,8.898593474337908
TACGCTCTCTTAAGGC-1,15.7977739071955,-26.10042947534916
TACGGGCTCAACGAGG-1,-11.331141959246574,0.8066324908086635
TACGGGCTCTACCACC-1,-10.01908949393453,1.832974637034315
TACGTCCCAAGTGATA-1,7.259887727141018,7.368422257235128
TACGTCCCATGTGTCA-1,-5.591154686049258,-4.006470391138868
TACTTACAGGCATCTT-1,-4.920845228395473,2.014386614267278
TACTTCATCATGCCGG-1,-7.543490734413266,-3.8234816697868585
TAGACCAGTCTCGGGT-1,-6.6085631437897,-0.22287125947822312
TAGACTGAGATTGTGA-1,14.402113355068776,-24.04154447027277
TAGACTGGTCTTGAAC-1,8.211042023459923,6.926855649453818
TAGACTGTCGCCGAGT-1,7.593965228367204,8.179659778946112
TAGAGTCGTTGTGTAC-1,8.239605423674881,7.347395652552521
TAGATCGCAAATGGTA-1,7.650560732781386,5.267803919501783
TAGATCGCACACGCCA-1,-11.50011162075594,2.0013531556478044
TAGATCGTCACAACCA-1,7.956401835565128,8.192450206085319
TAGCACAAGTACTCGT-1,7.1621134592220175,5.130203276688941
TAGGAGGCAAGACCTT-1,17.08363225713205,-24.64978090417578
TAGGAGGGTTCCAGGC-1,15.731194024328422,-25.624306996047338
TAGGGTTAGAGAGCGG-1,-10.418376728693502,-0.1159783062073066
TAGGGTTAGGAACATT-1,16.244573374837454,-25.251698535269878
TAGGGTTCAAGAAACT-1,16.82232964161638,-25.95408194393054
TAGGTACGTGTCATCA-1,7.7478428136526345,8.572104521430555
TAGGTACTCGAAGCAG-1,-4.889106137580752,-5.28201586350582
TAGTGCACACTCGATA-1,6.530660964393663,8.381953064424604
TAGTGCACAGAGGAAA-1,7.638345233124028,8.479188034547592
TATACCTGTTCTCGTC-1,-7.869141280228873,-3.5846430957740734
TATACCTTCTGTCCGT-1,6.789847645436075,7.111092750042131
TATATCCCATGCGTGC-1,17.155757265581197,-24.576843895000188
TATCGCCTCTCCCAAC-1,7.153868070851328,9.554704896562306
TATCTTGTCCATCTCG-1,7.669470373299351,10.447364235087104
TATCTTGTCGGCTTGG-1,5.444025687227014,4.692992210795975
TATGTTCAGTATGGAT-1,-5.615203628411476,-4.230632752048513
TATTGCTTCTCGAACA-1,-4.923945168003224,-5.1263720020829435
TCAAGCATCCACTTTA-1,-9.082619291321812,-0.1587143056109313
TCAATCTAGAGGTTTA-1,-10.106802889316867,1.7436776636137707
TCAATCTGTTTCCCAC-1,16.71848782175901,-25.953555780517846
TCACAAGGTAGTGGCA-1,-11.988146530885206,1.66633523289621
TCACAAGGTGGATACG-1,7.00078648158538,8.15467711425466
TCACACCCACCAGCCA-1,6.463201080149439,9.544956332120773
TCACACCGTCTCACGG-1,-8.289192145354908,-3.7507875895007863
TCACACCGTTAAACCC-1,6.173863063874817,9.514882623441826
TCACACCTCTGGGAGA-1,-9.440613672560684,-0.915407555593948
TCACACCTCTTACCAT-1,-6.5956734949245535,-1.8455344271395342
TCACATTCAGAACTAA-1,6.4229854334157634,11.959396657524612
TCACATTCATGCCATA-1,-9.085774326831094,-0.273713968517335
TCACGCTAGGACATCG-1,-7.189884053434876,-3.5796871523083555
TCACGCTGTCTGCCTT-1,-10.136172376247439,1.9066190927505087
TCACGCTTCACTAGCA-1,-10.34944963429925,1.7016120442890663
TCACGCTTCGCTGACG-1,3.887504671511462,14.824437091697824
TCACGCTTCGGACTGC-1,-10.477690272913474,0.07061279808334174
TCACGGGCAACCGACC-1,8.266281458282608,7.473955141517293
TCACTATGTTTAGACC-1,-7.295282991396069,-3.3685364623325773
TCACTCGCAAAGCAAT-1,6.210618159512407,9.323236946744407
TCACTCGGTCAACCAT-1,-10.293738213483595,1.5640719719966334
TCACTCGTCGGTCATA-1,6.163006462727659,9.858442991581347
TCAGCAACAAATCAAG-1,6.242928019739099,10.886355961901927
TCAGCAAGTATGACAA-1,7.536321382263925,10.27735676070544
TCAGGGCTCATGCGGC-1,-10.745467571952782,0.62442337428928
TCAGGTACAATCGCAT-1,15.994809832101692,-25.19757328446947
TCAGGTAGTATGGTAA-1,-9.060825340363225,-2.369953149265396
TCAGTCCGTAAGATCA-1,6.589362499256873,10.198997457126287
TCAGTCCGTCTCTCAC-1,-8.614281135123337,-0.8673684464939452
TCAGTTTAGGATATAC-1,6.322872811424059,9.863558785668681
TCATACTCAGGTACGA-1,-6.60415975527728,-3.4636833687483186
TCATACTTCAGAGCAG-1,-9.837879828707162,-1.3192553610677975
TCATATCCATGCTGCG-1,-2.6869768531735945,12.19996010263487
TCATCATAGCACACAG-1,6.615371269867571,7.804674721449216
TCATCATGTTGCACGC-1,7.117943180356816,7.344174134697479
TCATCCGTCCAACTGA-1,16.331957084911917,-25.229575759221657
TCATGCCCAAAGCGTG-1,-8.015078661078295,-4.007212952952707
TCATGCCGTGTCTTAG-1,-11.436794577309682,1.211817616113378
TCATGTTAGAGGCGGA-1,15.821236472302388,-24.502971926334666
TCATGTTGTGTGTGTT-1,-12.225755232353322,1.6900500383828891
TCATTACGTGCATGAG-1,-6.723868800760233,-3.5947212883015887
TCATTGTGTGAGCAGT-1,-10.96800111447845,1.7471389375273456
TCCATCGGTTTAGTCG-1,15.463585654043692,-24.111293994744152
TCCCACACACTAGAGG-1,-4.838639145313255,1.7409317756715577
TCCCACACAGACCAAG-1,7.5141976440983616,6.765083827220929
TCCCACAGTTGACGGA-1,-4.9660076197700525,1.6240549314748514
TCCCAGTAGACCGTTT-1,7.375928770730034,7.21095568924814
TCCCAGTTCGACATAC-1,6.340697129814894,8.281496503244004
TCCCATGTCGGCCCAA-1,-12.161238838046772,1.3756082049995808
TCCGATCTCAAACCTG-1,-9.050122989366395,-1.4476244213797556
TCCTCCCAGTCTAACC-1,6.695761836128799,6.386736447048519
TCCTCGATCTCTCGAC-1,-7.896065662399539,-0.8217322156938955
TCCTCTTAGAGTGAAG-1,7.307268068839347,8.093312003815289
TCCTCTTAGCCAAGGT-1,6.498448950577351,9.857974814829372
TCCTTCTCAACTCGTA-1,7.5720251232047335,10.343263836334991
TCCTTTCTCGCTGTCT-1,-2.7092859323348186,12.177782398185244
TCGAAGTGTATCAGGG-1,-7.905340477174022,-3.7869720390191604
TCGACCTCAAAGACTA-1,-10.430933071485919,1.5624555807445177
TCGACCTCAAGTAGTA-1,-3.811650038499301,1.0149515877367588
TCGACGGTCGAAGTGG-1,-8.323582497470214,-1.2786393659972815
TCGATTTGTACGCTTA-1,-7.98858615180541,-1.437811684459314
TCGCAGGAGATTGACA-1,-9.235589592832177,-1.2578086622871063
TCGCAGGGTAGGCTCC-1,-11.543203686949186,1.9560894648222742
TCGCAGGGTTCTAACG-1,-10.90217718814191,1.151389322074502
TCGCTCACAAGATTGA-1,-12.230715895452006,0.967403299547266
TCGCTTGAGAGACAAG-1,-7.6537312104380595,-3.7537277455779474
TCGCTTGAGCATTTGC-1,-7.1103572768543115,-3.5851873267175134
TCGGGACGTAACGGTG-1,5.839801078037503,4.964011956551425
TCGGGACTCTAGATCG-1,-11.373439095437902,1.4990951766826595
TCGGGCACAGTTACCA-1,-11.778287643379679,1.7935530917696485
TCGGGCATCCGATTAG-1,-9.679175236994402,-1.1966527686554886
TCGGGCATCTGAACGT-1,7.148348055546097,8.091683433121357
TCGGGTGCAGTCTGGC-1,6.131339475614494,4.728275941935072
TCGGTCTTCATTGCTT-1,-9.03341809760142,-0.8646462971419634
TCGGTCTTCGACATAC-1,-9.565314092813,-0.7606529947413706
TCGTAGACAATGAAAC-1,8.311984365029408,6.567971467870393
TCGTGCTGTAAGGAGA-1,-12.485911746104676,1.3672414469209933
TCGTGCTGTGATCATC-1,-2.625996608891841,12.260900841802323
TCTAACTAGGTCCAGA-1,-6.611701871535194,-1.231003253809673
TCTACCGCAGTCGTTA-1,-9.221375080846064,-1.2753717982868429
TCTACCGTCCACGGAC-1,-9.822022101551829,2.1774274098474518
TCTATACGTTATCCAG-1,7.061770503358177,6.455976892198957
TCTATCAGTATGCTAC-1,7.896556125516103,7.367456698711259
TCTATCAGTTGCCGAC-1,-6.138225001788199,-1.0573648534190907
TCTCACGAGGCTCCCA-1,-7.213431292033284,-3.5443634800770707
TCTCCGAAGTCAATCC-1,7.2288907500957595,9.619554167782491
TCTCCGATCTCTCTTC-1,14.117688171835667,-24.167077814952815
TCTCTGGCAAAGCAAT-1,6.32844259539045,11.59160492998014
TCTGCCAAGTTACGGG-1,-4.6190740604678515,1.3136063501045503
TCTGCCAGTAACGCGA-1,-11.33222510542447,1.8421774058347509
TCTGCCAGTAGATGTA-1,6.975615682253644,8.709760344023033
TCTGGCTCATCCTGTC-1,-8.095328954186858,-0.9100767620002705
TCTGTCGAGACTAGAT-1,7.796745386639074,6.690971895509158
TCTGTCGCACCAGCGT-1,-4.751560462725101,-5.669853372017397
TCTTAGTAGGCCTGCT-1,-9.570559594305418,1.8373933684876544
TCTTAGTCAACACGAG-1,7.3019285218360634,8.835957063829882
TCTTAGTGTTGCCAAT-1,7.539416726065261,8.487729411492914
TCTTAGTTCAGAATAG-1,-6.755027209786464,-3.418062289463206
TCTTCCTCACCAAAGG-1,-4.675586676488524,1.8187272318655874
TCTTGCGAGATGAAGG-1,-8.124600077269978,-0.6602267902612207
TCTTGCGCACTACTTT-1,15.769461114132918,-26.149623563803264
TCTTGCGCAGAGGAAA-1,-9.900638943504267,-1.5910929756630317
TCTTGCGGTCCAGCCA-1,-8.789469573974122,-1.1160947808321897
TCTTTGAGTGGAGAAA-1,15.859316174346565,-24.387510602326866
TGAACGTCAAATGAAC-1,-7.634767445392578,-3.7832566507165
TGAACGTGTAACTAAG-1,-10.396471850321394,-0.4745991134760154
TGAACGTGTCCATAGT-1,5.745099116862785,4.823801443085271
TGAATGCGTGGACTAG-1,16.73852995613482,-24.367147682883818
TGAATGCTCGACGAGA-1,8.499392410028777,7.230017568351257
TGAATGCTCGCCGTGA-1,7.798477741113581,8.151635303568677
TGACAGTAGAGGTGCT-1,-12.238887265301772,1.5617716490852496
TGACAGTTCGAGATGG-1,16.52772977450223,-24.17344285425623
TGACCCTTCTCATTGT-1,6.233291542691624,11.051441532886638
TGACGCGGTGGCTTAT-1,6.484653551986105,4.9993015710233175
TGACTCCAGTCTCCTC-1,-10.086728901030016,1.9724229768004429
TGACTCCCACCATAAC-1,6.839390352075449,5.877229049110372
TGAGACTAGGCTGAAC-1,-9.919868501463691,2.0987423265596763
TGAGCATTCCATTGCC-1,-7.209694024622953,-2.937322849570703
TGAGCATTCCTTCACG-1,-9.271178605767878,0.8021198115876259
TGAGCATTCGATACTG-1,-10.205302021959012,-0.6818047937907756
TGAGCATTCTGTCTCG-1,7.557356448775325,7.658422792214781
TGAGCGCCACTATGTG-1,7.196570720040861,9.01250684458158
TGAGCGCCAGCATACT-1,6.368216414362251,9.105641816110602
TGAGCGCTCGTCTAAG-1,-6.827703659972066,-3.991414518858169
TGAGGAGTCCATCGTC-1,14.562067633550681,-24.408591211285756
TGAGGGATCAAACGTC-1,14.885017400664328,-24.095743650406575
TGAGGGATCATAAGGA-1,-5.943621831035797,0.14713956710959697
TGAGGTTCAAACTAGA-1,7.001829853160377,5.424855794736195
TGAGGTTCAGGACATG-1,6.921700275031837,9.363088993803633
TGAGGTTGTAGCTTTG-1,7.327415274179839,9.922756668932005
TGAGTCACAGAACGCA-1,7.315768526782939,9.002584002099738
TGAGTCAGTAACCCTA-1,-5.19403273475458,-4.859386456455281
TGAGTCAGTCACTCTC-1,7.914814143681034,7.028801836122846
TGATCAGAGGATTCAA-1,7.2920320333807505,9.549216524051912
TGATGCACAGGGCTTC-1,-6.346777665123287,-3.603222754440881
TGATGGTAGACCCGCT-1,-4.925968991691937,-5.262100053580406
TGATTCTGTAGGTACG-1,-4.8010802378970725,2.0272545536486426
TGCACGGTCGAGTACT-1,17.296337802420663,-24.577845510628133
TGCAGGCAGCGTTCAT-1,-9.847520982856757,0.2911662788655302
TGCAGGCCAGGAATAT-1,-10.79430237102956,1.6159527874899626
TGCAGTAAGTAGTCCT-1,15.882045092374463,-24.47863256409628
TGCAGTATCCACATAG-1,6.394947239900999,8.450409156283092
TGCATCCCACCCAACG-1,16.48302369508689,-26.061409656863667
TGCATGAAGCACCCAC-1,-10.14423816341118,1.8312514483900408
TGCGACGAGCGACAGT-1,-4.425539607541416,-5.150071460465335
TGCGATAAGAATCGCG-1,-7.95067246891647,-4.05962335604723
TGCGGCAAGTGGTGAC-1,-9.614527469350648,-1.9146444922322892
TGCGGCACAAAGACGC-1,-10.795486970154826,0.17825617122096832
TGCTCCACAATCTAGC-1,-7.090055652109973,-3.35787525091064
TGCTCGTAGACGAGCT-1,-11.790676882707073,1.0429767628293893
TGCTCGTTCCCATTTA-1,17.12058617004454,-24.310176242952256
TGCTGAACAGCACAAG-1,-9.246976803406717,-1.1756912102068269
TGCTTCGCATAGCTGT-1,6.218426857910376,4.9961375980737746
TGCTTGCGTGAACTAA-1,-11.215512158886677,1.7889329822674769
TGGAACTAGCGTCTCG-1,7.507826570189425,6.56738896086545
TGGAGAGCAGTCAGTT-1,6.590695153827054,4.683418187652568
TGGAGGAAGTAGGAAG-1,7.3072286562318665,6.959471927860855
TGGAGGAGTCTTTATC-1,4.075499821640428,14.990342793665823
TGGAGGATCGACATTG-1,16.20513335518912,-26.446991240692803
TGGATCAGTTCTCCCA-1,7.221525849339707,5.15580165568074
TGGATGTTCACGGGAA-1,-6.811638587855819,-2.872852771800328
TGGATGTTCTATCCAT-1,-4.75674326108926,2.052777031401231
TGGCGTGGTGGATTTC-1,-7.497344925218191,-3.7274606274033593
TGGGAAGTCGATTGGT-1,-7.652620378479051,-1.8023778653729001
TGGGAGAAGCAAGTGC-1,17.294625941075775,-24.553138814055195
TGGGAGAAGTGGTGGT-1,8.123169595656272,7.531886284242382
TGGGATTAGTCACGAG-1,-4.813943352423853,-5.63614931147545
TGGGATTGTACGATGG-1,7.344996586137805,9.55014108291418
TGGGCGTAGTGGAATT-1,17.01267575394179,-24.377982758956517
TGGGCGTCAAATTGCC-1,-5.646410056295503,0.18636821916645988
TGGGCTGAGAGGGTCT-1,-10.37615829573578,0.0040202957938254335
TGGGCTGAGCGTTAGG-1,6.373282884608318,11.64278840719475
TGGGCTGCATCCGATA-1,15.49854438353927,-25.794164541043376
TGGGCTGGTCGCGGTT-1,-4.38069631195985,-5.014965912580684
TGGGTTAGTATTGAGA-1,6.4371124076123625,11.922915707862668
TGGGTTAGTGCACGCT-1,16.852757038459337,-24.471638897691243
TGGGTTATCAGTAGGG-1,8.010993816260246,6.099876491316241
TGGTACACAAAGGGTC-1,-11.317814782001594,1.2722075476146517
TGGTAGTCAGGCATGA-1,-11.850328233225943,1.0323281821647186
TGGTAGTCATCACAGT-1,-9.222791201187956,0.1076386580627561
TGGTAGTTCCCTCATG-1,7.323358880520674,5.017597490150468
TGGTTAGTCAACCTTT-1,-4.715317995716316,1.8817616120840264
TGTAACGGTTGCGTAT-1,3.871184958629868,14.809853356825435
TGTACAGAGACTCGAG-1,7.57752613975769,8.581748198359966
TGTACAGAGTGAGTTA-1,7.940350183943545,7.360768068630794
TGTACAGGTGGATTTC-1,-11.88441127077044,0.7835428273173131
TGTAGACTCCATTTAC-1,7.709026875130705,6.588524094221084
TGTCAGACAACTTGGT-1,-9.270517113083269,-0.6786233679424641
TGTCAGACACTCACTC-1,-8.84960717283275,-0.798605020672845
TGTCCACCAACTGGTT-1,-7.2169685710105815,-3.7735075834669614
TGTCCACTCGCTTACC-1,-3.787415940209903,0.9983057016825462
TGTCCCAAGCTCCATA-1,-8.98649123366494,-0.5636855395618945
TGTCCCAAGGTCATAA-1,16.93027034499001,-24.533652152673557
TGTCCCACATACTTTC-1,-10.165209832833803,2.233636087825943
TGTCCCAGTCAGGCAA-1,7.145267353894313,5.364546212317252
TGTCCCAGTCGGTGTC-1,6.963999672713058,6.54357442630861
TGTCCTGGTACTTGTG-1,-10.543807647379188,2.0170392161473725
TGTCCTGGTTGGCTAT-1,17.12537685999196,-25.06205786990293
TGTCCTGTCGGCTATA-1,-6.368075818969156,0.05134883493132115
TGTGATGAGCGACTGA-1,16.73113362785103,-24.396350077234608
TGTGATGCATTCTCTA-1,-9.680759572444211,-0.3312347507498993
TGTGCGGGTCGTCGGT-1,-4.709177182764328,-5.675139004124521
TGTGCGGTCACATACG-1,8.021927048706416,8.477555051389887
TGTGGCGTCGTACCTC-1,6.1159392287360514,4.8685634142308025
TGTGTGATCTGACAGT-1,-11.938078165530074,1.7632866785702344
TGTTCATAGCTGCCTG-1,7.937634767270265,10.735409355849907
TGTTCATGTCCTGGGT-1,-7.351447815428675,-3.601459973005916
TGTTCCGCAAGTATAG-1,16.716850122055483,-25.75418883246211
TGTTGAGCACAACGAG-1,7.589736589974489,5.541694204848212
TGTTGAGTCTCGACCT-1,16.48599630099752,-25.546267448777336
TGTTTGTGTGGAAATT-1,7.012128452747569,8.74151044801167
TTAATCCAGCTACTAC-1,7.787639557427646,7.974171776609587
TTACAGGGTGATTCTG-1,-5.887368431233681,-3.991482550623419
TTACCGCGTCCGAAAG-1,6.419763287839306,11.993908080910172
TTACGCCCACGTCGTG-1,7.834723877854168,5.695603779338891
TTACGCCTCAATGCAC-1,-9.97098397672465,2.2076782252189977
TTACGTTGTTTACGAC-1,-7.743649462610478,-1.3556387954715348
TTACGTTTCTCGCTTG-1,-9.843213286844492,1.3364408068249036
TTACTGTCATACATCG-1,15.865678979178353,-26.1665884882113
TTACTGTGTAAGAACT-1,7.046130231243312,5.234835832651752
TTACTGTGTTAAGGGC-1,16.07720943542235,-24.979034021998736
TTAGGGTCAGGTCAGA-1,16.384714758008982,-26.46699095845037
TTAGGGTGTCACATTG-1,-8.079106598580958,-3.7578350447535227
TTAGTCTCACGTATAC-1,-10.006865929025635,1.8090312466111282
TTATTGCCAAACGGCA-1,15.378892575373735,-24.480982024872166
TTATTGCGTACGTAGG-1,7.4791314782104115,6.282340936581785
TTATTGCGTCAACACT-1,-4.419553272080856,-5.295450906908646
TTATTGCGTGTCTTCC-1,6.668782914004213,6.341541837049997
TTCACCGCAGCCCAGT-1,15.90331763603418,-25.91900346107871
TTCACGCGTTAAGTCC-1,-8.07711175775819,-1.4344102140390111
TTCACGCTCTATCCAT-1,-8.356808180172496,-0.21996517865525955
TTCAGGAAGATTGGGC-1,-10.41972039273546,2.236628681673459
TTCAGGAGTCTACAAC-1,15.31267829963292,-24.884149495233093
TTCATGTAGGTCATAA-1,-10.19826712848065,-0.3836739640425979
TTCATTGGTACGAAAT-1,-6.166612427940374,0.18689229368233942
TTCCACGAGGAAGTGA-1,-5.590241969210946,0.31357645460615075
TTCCACGGTCAACACT-1,14.998526506247417,-24.38756012801356
TTCCGTGCACTCACTC-1,-9.957768742430707,2.0739901734620156
TTCCGTGGTTCCAGGC-1,15.110038479042615,-24.52366658931957
TTCCTAAGTGACGTCC-1,3.934041840745233,14.896438599315747
TTCCTCTGTACCTGTA-1,6.750735145946285,8.828841899998316
TTCCTTCAGCCTCAAT-1,-4.72568372458271,1.927196298248469
TTCCTTCAGGTAGTCG-1,6.423782028457266,4.845377783207522
TTCCTTCAGTAGTCAA-1,-7.844505775007819,-0.9254527914482843
TTCCTTCGTGACACGA-1,7.931751655379844,6.9781081537186775
TTCGATTTCTGACCCT-1,3.9356327316943593,14.852376710396964
TTCGCTGAGGGTTAGC-1,-7.6918810922365,-1.8373216293784125
TTCGCTGAGGTTCCGC-1,-6.531207730171511,-0.5473286976005234
TTCGCTGCACTAGTAC-1,16.9588971089059,-25.252660871562032
TTCGCTGTCGGACTGC-1,-11.943616983417051,1.8527458779353236
TTCTCTCGTATCGTAC-1,-9.154065350438778,-0.3003575605372177
TTCTTGAGTCTTGCTC-1,7.280118059244289,5.24918719649031
TTGACCCGTCTCGGGT-1,-7.684277605548242,-3.7445628632566454
TTGACCCTCGTAGTGT-1,-8.989487341498519,-2.049732554395988
TTGATGGCATAAGATG-1,16.93976157816193,-24.50431071035195
TTGCATTGTGCCTTCT-1,-2.6899895561109397,12.196895254103604
TTGCCTGAGAGTGACC-1,8.306324623673557,7.457724697677022
TTGCCTGAGTGGAAAG-1,8.218359083244176,7.09400732855945
TTGCCTGGTAGCTGCC-1,6.475832137594578,9.017858200498111
TTGCGTCCACGCCACA-1,3.905927062610953,14.838131593263117
TTGCTGCCATTGCCGG-1,6.5867106200552055,12.162307040295808
TTGGGATCAACGGGTA-1,-5.6867705897214575,-4.202990197623684
TTGGGATTCAGGAAGC-1,6.307541417237934,9.967857683004814
TTGGGATTCTCTCTAA-1,7.114629286111205,7.034944659771725
TTGGGCGCACGGTGAA-1,-9.833079197415152,-1.3794109151922163
TTGGGCGGTCGGAAAC-1,16.933676675068057,-25.24288679456681
TTGGGTAGTGCTAGCC-1,8.107547698038246,6.789590514813847
TTGGGTATCACCGACG-1,6.1031484632579165,4.760099549773978
TTGGTTTCACTGGATT-1,-5.285709759778136,-4.785556642638609
TTGTGGATCTAAGAAG-1,-10.629119284946139,0.6151442125345224
TTGTGTTGTGTGTCCG-1,-12.373469857785778,1.1948175020756775
TTGTTCACACTTGTGA-1,7.81730594305638,10.6115915723589
TTGTTCACAGTCGCTG-1,6.380898622956877,8.764041003483916
TTGTTCATCTTTACAC-1,6.482372373764727,4.624113018759536
TTGTTTGAGGTCGACA-1,-12.396005708619997,1.3631450020326892
TTGTTTGTCCAACCGG-1,5.969085914141144,4.990393519396597
TTTACTGTCACGGGAA-1,15.801059956249343,-25.98751198642415
TTTATGCCAGTGGCTC-1,-4.780249201022684,2.0677613254961313
TTTATGCGTAACATAG-1,-9.583923267669686,-1.2000069149841088
TTTATGCGTTGATCGT-1,14.913693531885109,-24.035898031321892
TTTATGCTCACTCGAA-1,-4.77947125250583,1.7602652675177333
TTTCACATCGACGCTG-1,5.7413746152224165,4.645948186802747
TTTCACATCTCAGGCG-1,16.123011454533998,-24.7890297613514
TTTCATGGTGCCTAAT-1,15.008872926245013,-24.082862816366333
TTTCATGTCACTCACC-1,7.060950679179996,7.5403489860381585
TTTCCTCCACAGAGCA-1,16.257864137193636,-26.08140723467978
TTTCCTCTCCTACACC-1,-8.09157918178433,-1.1692673485716678
TTTCCTCTCTCTTGCG-1,6.422552779487884,12.05302399864062
TTTGATCTCTTTGGAG-1,-10.31121493190783,-0.41897894748666814
TTTGGTTAGTAACCTC-1,-8.981235482804834,0.660892974648646
TTTGGTTGTAGAATAC-1,7.024003734791607,7.984425608084873
TTTGTTGCAATTAGGA-1,17.012304826837358,-25.29282765252013
