Barcode,Cluster
AAACCCAAGGAGAGTA-1,2
AAACGCTTCAGCCCAG-1,3
AAAGAACAGACGACTG-1,4
AAAGAACCAATGGCAG-1,4
AAAGAACGTCTGCAAT-1,1
AAAGGATAGTAGACAT-1,3
AAAGGATCACCGGCTA-1,3
AAAGGATTCAGCTTGA-1,2
AAAGGATTCCGTTTCG-1,2
AAAGGGCTCATGCCCT-1,1
AAAGGGCTCCGTAGGC-1,4
AAAGGTACAACTGCTA-1,2
AAAGTCCAGCGGGTTA-1,1
AAAGTCCAGTCAACAA-1,1
AAAGTCCCACCAGCCA-1,3
AAAGTGATCGTACACA-1,4
AAATGGAAGCCGCTTG-1,2
AAATGGACAATGCTCA-1,2
AAATGGAGTACCGCGT-1,4
AAATGGATCCTATTTG-1,3
AACAAAGGTGATGAAT-1,1
AACAACCAGTAGTCCT-1,2
AACAACCCACGCTATA-1,4
AACAAGAGTTATAGAG-1,2
AACAGGGGTGGGAGAG-1,4
AACCAACAGCTTGTTG-1,1
AACCCAACAACTGATC-1,4
AACCCAAGTGGGCTTC-1,3
AACCCAATCTTACCGC-1,4
AACCTGACATCCTATT-1,2
AACCTTTGTTTCGGCG-1,4
AACGAAAAGGTTGGTG-1,5
AACGAAACAATGTCTG-1,5
AACGAAACAGCGTTTA-1,2
AACGAAATCCATTTAC-1,1
AACGGGAGTCGCTCGA-1,2
AACGTCAAGACGCCCT-1,2
AAGAACAAGACCATTC-1,4
AAGAACAAGCCTCAGC-1,2
AAGAACATCTTGCAAG-1,1
AAGACAACACTTCAGA-1,2
AAGACAACAGATCACT-1,2
AAGACAATCCGCGAGT-1,1
AAGACTCGTGACGTCC-1,5
AAGCATCAGGTCCGAA-1,1
AAGCATCCAGTCTTCC-1,2
AAGCGTTCACTGATTG-1,2
AAGCGTTTCGCTATTT-1,3
AAGGTAAAGGAAGTAG-1,4
AAGGTAAAGGCCACCT-1,1
AAGGTAAGTCCTTAAG-1,1
AAGTACCAGCGCCTTG-1,1
AAGTACCAGCTCCATA-1,1
AAGTACCCAAAGAACT-1,1
AAGTGAACATCAGCAT-1,4
AAGTGAATCGGAAGGT-1,2
AAGTTCGAGGATACAT-1,1
AAGTTCGGTCAACACT-1,2
AATCACGAGGCTCTAT-1,5
AATCGACAGTATGTAG-1,1
AATCGACGTGAGACGT-1,2
AATGAAGCAGTATGAA-1,1
AATGACCGTGTCATCA-1,2
AATGGAACACTCATAG-1,3
AATGGAATCTGATGGT-1,2
AATGGCTAGGACGGAG-1,1
AATTCCTTCCATTGGA-1,2
ACAAAGAAGCCTCAAT-1,2
ACAAAGAGTTCCATTT-1,1
ACAACCATCTATCCAT-1,1
ACAACCATCTGCCCTA-1,1
ACAAGCTGTAGGTCAG-1,1
ACACCAAAGAGTCAGC-1,1
ACACGCGGTGTTGCCG-1,2
ACACGCGTCACCTCGT-1,4
ACACGCGTCGCCGTGA-1,2
ACACTGATCACTGATG-1,2
ACACTGATCTTTCCGG-1,1
ACAGAAAAGTATTAGG-1,2
ACAGAAACACCAGCGT-1,2
ACAGCCGTCGCTGTTC-1,3
ACATCCCCACAAATGA-1,1
ACATCCCGTAAGATTG-1,2
ACATCGATCTAAGAAG-1,4
ACATCGATCTGAGAGG-1,4
ACATCGATCTTGGGCG-1,2
ACATGCAGTTGCTTGA-1,2
ACATTTCGTGCCGAAA-1,1
ACATTTCGTTTCTTAC-1,3
ACCACAAAGGCCTTGC-1,2
ACCACAAAGGTTAGTA-1,5
ACCACAAGTCTGTGGC-1,3
ACCATTTCATTGGGAG-1,1
ACCCAAAAGCCACAAG-1,5
ACCCAAAGTTGGGAAC-1,2
ACCCTTGGTATCGTAC-1,1
ACCCTTGTCATTTCGT-1,4
ACCTACCCAACGGTAG-1,4
ACCTGAACATGAGAAT-1,1
ACCTGTCTCAAGTCTG-1,1
ACCTGTCTCTCAACGA-1,2
ACGATCAGTCGTTCAA-1,4
ACGATCATCCACGGAC-1,4
ACGATCATCCGTTGGG-1,1
ACGCACGAGAGAGTGA-1,4
ACGGTCGTCACTACGA-1,1
ACGGTTAAGTGCTCAT-1,3
ACGTAACAGGTGCTTT-1,1
ACGTAACTCATATGGC-1,3
ACGTAACTCTTCGATT-1,2
ACGTACAAGCTGTTCA-1,1
ACGTACACAAAGCTCT-1,2
ACGTACACAGACGATG-1,4
ACGTAGTCACGCCACA-1,3
ACGTAGTCATTAGGAA-1,4
ACGTTCCGTGGGTCAA-1,2
ACTATCTGTGTGTACT-1,4
ACTATGGAGAAATCCA-1,3
ACTCCCAAGGTTGGTG-1,4
ACTCCCATCGTCCTCA-1,1
ACTGATGAGCAGCGAT-1,3
ACTGATGCACCAGCCA-1,3
ACTGTGACAACTCGAT-1,1
ACTTATCTCTAAGGAA-1,2
ACTTCGCAGAACCGCA-1,1
ACTTCGCGTACTCCGG-1,3
ACTTTCAAGTATGACA-1,4
ACTTTCACAAGCGAAC-1,4
ACTTTCAGTACGCGTC-1,1
AGAAATGTCATTCGTT-1,2
AGAAGCGGTCTAGATC-1,1
AGAAGCGTCTGCGTCT-1,1
AGACAAAGTAGCTTGT-1,2
AGACACTCAAGTCGTT-1,1
AGACCATCATTACTCT-1,1
AGACTCATCAACGCTA-1,1
AGACTCATCAGAGCGA-1,2
AGAGAATAGAGGGTCT-1,4
AGAGAATCACCCAACG-1,1
AGAGAGCAGTTGTCGT-1,3
AGAGCAGGTCATAAAG-1,2
AGAGCAGGTTGAGTCT-1,1
AGAGCAGTCGCGCTGA-1,1
AGAGCCCGTCACTCGG-1,1
AGATAGAGTGACACGA-1,2
AGATCGTCAGGACTTT-1,4
AGATGAACAGGCACAA-1,1
AGATGCTGTACGGTTT-1,2
AGATGCTGTGTGGTCC-1,1
AGCATCAGTCGGTGTC-1,2
AGCATCAGTGGTCCGT-1,1
AGCCAATAGTCCCTAA-1,1
AGCCACGCAGGTTCGC-1,1
AGCCACGGTTCCGCGA-1,2
AGCCACGTCCGAGAAG-1,4
AGCCAGCGTAATGCGG-1,1
AGCCAGCGTAGTTAGA-1,3
AGCGTATCATATGCGT-1,5
AGCGTATTCAGTGGGA-1,3
AGCGTCGCATTGACCA-1,1
AGCGTCGTCCTTATCA-1,5
AGCTACACAGTCGGAA-1,1
AGCTACAGTCGTTTCC-1,4
AGGAAATTCACCATGA-1,2
AGGAATACAAACTCGT-1,1
AGGAATATCATTACGG-1,1
AGGACGAAGACCTTTG-1,4
AGGACGAAGATTAGTG-1,1
AGGACGATCACTGATG-1,1
AGGACGATCCAGTACA-1,4
AGGACTTTCCTACCAC-1,4
AGGAGGTAGGTCACAG-1,5
AGGATAAAGAACAAGG-1,1
AGGCCACAGGGCCAAT-1,1
AGGCTGCAGGGCTTCC-1,3
AGGCTGCGTGTGTGTT-1,3
AGGGAGTCACCATTCC-1,5
AGGGAGTGTGTCGCTG-1,1
AGGGCTCCAATACGCT-1,2
AGGGTCCCAGGACATG-1,2
AGGGTCCCAGTAGTTC-1,4
AGGGTTTCAGCGTGCT-1,2
AGGTAGGAGGAAGTAG-1,3
AGGTAGGCAAAGCGTG-1,2
AGGTCATTCAAGTCGT-1,2
AGGTGTTAGCAATTAG-1,5
AGGTGTTCATTAAGCC-1,2
AGGTGTTGTCGATTAC-1,1
AGGTGTTTCAATGCAC-1,1
AGGTGTTTCGTTACCC-1,2
AGGTTACAGGTGCGAT-1,1
AGGTTACGTCTGATAC-1,2
AGTAACCCAAGCTCTA-1,2
AGTAACCTCGTTGTAG-1,1
AGTACCAGTGGGTCAA-1,2
AGTACCATCAGCTTGA-1,4
AGTAGCTAGGAGTACC-1,3
AGTAGCTCACTGCTTC-1,1
AGTAGCTCAGGCACTC-1,2
AGTAGCTGTTAGAAAC-1,2
AGTAGTCGTATGACAA-1,1
AGTCAACAGTCATGCT-1,2
AGTCAACGTACACGCC-1,3
AGTCACATCTCCCATG-1,1
AGTCTCCCAACCGTGC-1,3
AGTCTCCGTGAGTCAG-1,4
AGTGCCGCATCTGGGC-1,4
AGTTAGCAGTCAGGGT-1,4
AGTTAGCGTACCATAC-1,3
AGTTAGCGTTCATCGA-1,4
AGTTCCCCAAACAGGC-1,4
AGTTCCCGTTACACTG-1,1
AGTTCGAGTATGCGTT-1,3
ATACCGACACACGGTC-1,1
ATACTTCGTACGACTT-1,2
ATACTTCGTTCGGTAT-1,1
ATACTTCTCAGCTGAT-1,1
ATACTTCTCGCCGTGA-1,3
ATAGACCTCCGCTTAC-1,4
ATAGGCTGTGTTACAC-1,2
ATATCCTGTATGAGCG-1,3
ATCACAGAGACGTCCC-1,2
ATCACAGCATGACGTT-1,2
ATCACGATCCGCAACG-1,4
ATCACTTGTGGCTGCT-1,2
ATCCACCCAGCAGTGA-1,4
ATCCACCCATGTCTAG-1,4
ATCCACCGTTTGTTGG-1,2
ATCCATTAGACGCAGT-1,3
ATCCCTGCAATTTCTC-1,4
ATCCGTCCAACTCCCT-1,3
ATCCTATGTCTGTGCG-1,3
ATCGATGCAACGGCTC-1,3
ATCGATGGTCAATCTG-1,4
ATCGGATAGGAAAGGT-1,1
ATCGGCGAGTCCTACA-1,4
ATCGTAGCATCGGAGA-1,2
ATCGTCCAGCCTGAAG-1,2
ATCGTCCGTATGAGGC-1,2
ATCGTCCTCGGAGCAA-1,2
ATCGTGAAGCAGATAT-1,2
ATCTCTACAAGAAACT-1,2
ATCTCTAGTCGTGGTC-1,1
ATCTTCAAGAAGAGCA-1,2
ATCTTCACATACTGAC-1,2
ATCTTCAGTCTCTCCA-1,2
ATCTTCATCTCATAGG-1,4
ATGAAAGTCCTTATGT-1,1
ATGACCAAGGCTAACG-1,2
ATGACCACAATATCCG-1,1
ATGAGTCTCCAGTTCC-1,3
ATGATCGGTCGAACAG-1,3
ATGCGATGTGCTCTTC-1,3
ATGCGATGTTGTAGCT-1,1
ATGGAGGGTGTTTACG-1,1
ATGGATCGTAGATTGA-1,3
ATGGATCTCGACCTAA-1,1
ATGGGAGAGACGTCCC-1,1
ATGGGAGCACTCCGGA-1,2
ATGGGAGTCCACTGAA-1,2
ATGGGAGTCCCATACC-1,1
ATGGTTGTCACGGAGA-1,2
ATGTCCCCAGGAATCG-1,3
ATGTCCCCATAGGTTC-1,3
ATGTCCCGTCCTACGG-1,2
ATTACTCCAGCTTTGA-1,1
ATTACTCGTTGCAACT-1,3
ATTCACTAGAAGGCTC-1,4
ATTCACTTCTCCGCAT-1,4
ATTCAGGCAAGTATCC-1,2
ATTCAGGCATAGCTGT-1,2
ATTCAGGTCTTCGTGC-1,1
ATTCCATCACGACTAT-1,1
ATTCCCGAGTCACTCA-1,1
ATTCCTACATGAGATA-1,2
ATTCGTTCAGTCTTCC-1,1
ATTCGTTGTAACACCT-1,1
ATTCGTTGTGTAGCAG-1,3
ATTCGTTGTGTTCAGT-1,1
ATTCGTTGTTCTTGTT-1,2
ATTCTACTCTCGTGAA-1,1
ATTCTTGAGTTCCAGT-1,4
ATTCTTGGTACAATAG-1,4
ATTTCACAGTGCAAAT-1,2
ATTTCACGTGGATACG-1,2
ATTTCTGCAAGGTCTT-1,2
ATTTCTGGTATCCTCC-1,3
ATTTCTGTCGATGCAT-1,2
ATTTCTGTCGGCCAAC-1,1
CAAAGAACACATATCG-1,1
CAAAGAACAGCTGTTA-1,4
CAAAGAAGTTCTCCCA-1,2
CAACAACTCGATACTG-1,4
CAACAGTCATCCGTTC-1,1
CAACAGTTCGAGCACC-1,1
CAACCAAGTTAGAAAC-1,2
CAACCTCGTATCGGTT-1,1
CAACGATAGACGGAAA-1,2
CAACGATAGCCTAGGA-1,2
CAACGATCAAAGCACG-1,1
CAACGATTCAAGCCCG-1,2
CAAGACTAGTGGAAAG-1,4
CAAGACTTCAATCGGT-1,2
CAAGAGGTCTTCACGC-1,2
CAAGCTAGTGGCTGCT-1,2
CAAGGGAAGAGTCGAC-1,1
CAATACGAGGCAGCTA-1,4
CAATACGTCTCGACCT-1,5
CAATCGAAGAGGATCC-1,1
CAATCGATCCGTACGG-1,1
CAATGACTCAAGCCCG-1,1
CAATTTCAGATTGCGG-1,3
CACACAACAAGAAACT-1,1
CACACAACACGAGGAT-1,2
CACAGATCACTCCGAG-1,2
CACAGATCATCATGAC-1,2
CACAGATGTTCCGTTC-1,2
CACAGGCCAACGATCT-1,2
CACATGAGTTTCGACA-1,1
CACCAAAAGGACATCG-1,2
CACCGTTCACCCTAGG-1,1
CACGAATCACATAGCT-1,1
CACGAATTCAAGTCGT-1,1
CACGGGTAGCATTTGC-1,2
CACGGGTTCCCGATCT-1,3
CACGTTCCAGCTTCCT-1,2
CACGTTCTCTATCACT-1,1
CACTAAGGTGATAGTA-1,1
CACTGAAGTCTTTCTA-1,3
CACTGAATCCTGATAG-1,2
CACTGGGAGGCGACAT-1,2
CACTGGGAGTTACTCG-1,2
CACTGGGGTCGCACAC-1,2
CACTGTCCACATATGC-1,3
CACTTCGTCACCTACC-1,2
CAGAGCCGTGCCCGTA-1,1
CAGATACTCGTTCCCA-1,1
CAGATTGAGAACGTGC-1,1
CAGATTGAGCTGAGCA-1,1
CAGATTGGTGACTAAA-1,3
CAGCAATGTATCGTTG-1,2
CAGCAGCTCAGAGTTC-1,4
CAGCCAGGTGGGTTGA-1,2
CAGCGTGTCCATCACC-1,3
CAGGCCAGTTCAATCG-1,1
CAGGCCATCACTCACC-1,4
CAGGCCATCCACTAGA-1,2
CAGGGCTAGATTGGGC-1,4
CAGGGCTTCGACGAGA-1,3
CAGGTATGTCAGTCTA-1,2
CAGGTATGTGTAAATG-1,3
CAGTTAGTCGGCCCAA-1,1
CAGTTCCCAATCGTCA-1,4
CATAAGCGTAGCGCTC-1,1
CATAAGCTCCGTGTGG-1,2
CATACTTTCAACGAGG-1,1
CATAGACCATCTCAAG-1,5
CATAGACGTACCTTCC-1,1
CATCAAGAGCGCCGTT-1,2
CATCAAGGTATGGTTC-1,3
CATCAAGGTCTAACTG-1,3
CATCAAGGTTGTCCCT-1,3
CATCCGTGTATCGCTA-1,1
CATCGCTTCTTTGCAT-1,5
CATCGGGTCGCTACAA-1,3
CATCGTCTCCGTTGAA-1,4
CATGAGTCACCATTCC-1,4
CATGCCTCAATTGCTG-1,3
CATGCCTCAGGCTATT-1,2
CATGCCTGTTCCGCAG-1,2
CATGCGGTCGGTCGAC-1,1
CATGCTCGTCTCTCAC-1,3
CATTCTAGTAGCTTGT-1,4
CATTCTATCAGTAGGG-1,2
CATTGAGAGGGACCAT-1,2
CATTTCATCTCTCTTC-1,2
CCAAGCGAGCTAATCC-1,1
CCAAGCGAGGTTCATC-1,2
CCAATGAAGGTCACTT-1,3
CCAATTTCAAAGGCTG-1,4
CCAATTTCATTCGATG-1,4
CCACACTCAGGACTTT-1,2
CCACCATAGGTCATCT-1,4
CCACGAGGTAATCAAG-1,4
CCACGAGTCTTCCTAA-1,2
CCACGTTTCATCAGTG-1,3
CCACGTTTCGTGAGAG-1,1
CCACGTTTCTGCTGAA-1,3
CCACTTGCAGCTATTG-1,4
CCACTTGTCGCAGAGA-1,2
CCATAAGGTGAGGAAA-1,2
CCATCACCATTAAAGG-1,3
CCATCACTCTAACACG-1,2
CCCGGAATCAAACCCA-1,1
CCCTAACCAGGTTCGC-1,1
CCCTAACGTAACTGCT-1,2
CCCTTAGGTTTCCAAG-1,1
CCGAACGAGCTAAGTA-1,1
CCGAACGAGGAACGCT-1,2
CCGATCTGTGGAGGTT-1,2
CCGATGGGTTCTCGCT-1,2
CCGATGGTCACCTCTG-1,2
CCGATGGTCTGTCGCT-1,3
CCGCAAGCATTCAGGT-1,1
CCGCAAGGTACCAGAG-1,1
CCGGACAGTGATACCT-1,2
CCGGGTACACTCCGAG-1,2
CCGGGTACATACCAGT-1,1
CCGGTAGGTAGTACGG-1,4
CCGTAGGGTTCCCACT-1,4
CCGTAGGTCATACAGC-1,3
CCGTGAGAGAGGTCAC-1,4
CCGTGAGTCGCCTTTG-1,3
CCGTTCACAGAAGCTG-1,1
CCTAAGAAGACTCTAC-1,1
CCTATCGAGACAGCGT-1,2
CCTCAACTCTTAGCCC-1,1
CCTCAGTAGCAAGGAA-1,2
CCTCAGTCATGATGCT-1,1
CCTCAGTTCCGAGCTG-1,3
CCTCATGCACTATGTG-1,4
CCTCATGGTTTCGCTC-1,1
CCTCATGTCTCTCAAT-1,2
CCTCCAAAGGCCCGTT-1,2
CCTCCAAAGTATGATG-1,3
CCTCCAACAACCCTCT-1,4
CCTCCAACACAATGAA-1,3
CCTCCTCAGTCCCGAC-1,3
CCTCCTCCATTCAGGT-1,1
CCTCCTCTCAAGCGTT-1,1
CCTCTAGCAGACCTAT-1,2
CCTCTCCGTGTGCTTA-1,5
CCTCTCCTCGTTCCTG-1,2
CCTGCATAGTGGTGAC-1,2
CCTGCATCAACGGGTA-1,1
CCTGCATGTTCTTAGG-1,1
CCTGTTGGTGTGCCTG-1,2
CCTGTTGTCAAGAGTA-1,3
CCTTCAGAGGAACGTC-1,5
CCTTCAGCACAGAGCA-1,3
CGAAGGATCGACGCGT-1,1
CGAATTGGTCTGTTAG-1,1
CGAGAAGTCAAGTTGC-1,3
CGAGAAGTCCAATGCA-1,2
CGAGGAAAGTCGCGAA-1,1
CGAGGAACACTGATTG-1,3
CGAGGAAGTCCTGGGT-1,5
CGAGGCTCAGATCACT-1,3
CGAGGCTCAGCATGCC-1,2
CGAGTGCGTTCCGCGA-1,1
CGAGTTAGTCGAGTTT-1,2
CGATCGGCAATTGGTC-1,2
CGATCGGCAGCGTGAA-1,1
CGATGCGAGCAGAAAG-1,1
CGATGCGTCGAACCAT-1,3
CGATGGCCACTCGATA-1,1
CGATGGCGTAGCGTCC-1,1
CGCAGGTGTGCTTCAA-1,3
CGCATAAAGTGATGGC-1,2
CGCATGGAGGCCACTC-1,2
CGCGTGAGTACAATAG-1,3
CGGAACCGTATCACGT-1,2
CGGAACCGTTTGCAGT-1,3
CGGACACAGGACAGCT-1,2
CGGGACTGTTTCACTT-1,4
CGGGTGTTCCGTGACG-1,2
CGTAAGTGTGATAGTA-1,1
CGTAGTATCAGCCCAG-1,4
CGTCAAACAGAATGTA-1,4
CGTCCATGTTTGGAAA-1,1
CGTGAATAGTCGGCCT-1,1
CGTGATATCTGGTGGC-1,1
CGTGCTTAGCTTTGTG-1,2
CGTGCTTCAAGCGCTC-1,2
CGTGCTTGTTTAGACC-1,1
CGTGTCTCACAGTACT-1,1
CGTGTCTCATGGGTTT-1,1
CGTGTCTGTCAGTTTG-1,2
CGTTAGATCAGCCTCT-1,2
CGTTAGATCATTATCC-1,2
CGTTAGATCCAAGAGG-1,2
CGTTCTGTCAGCGCAC-1,1
CGTTCTGTCCCGAACG-1,4
CTAACCCAGCCGCTTG-1,1
CTAACCCCACTTCAAG-1,1
CTAACTTAGCCTCACG-1,1
CTAAGTGCACAATGCT-1,3
CTAAGTGGTCCACTCT-1,4
CTACAGACAACAAAGT-1,3
CTACAGACAGGAATAT-1,1
CTACAGATCAGGAGAC-1,4
CTACCTGTCTCGAACA-1,2
CTACGGGTCACCATAG-1,5
CTACGGGTCGTTCAGA-1,4
CTAGACAGTCGTGGTC-1,2
CTAGACAGTCTAACTG-1,2
CTAGGTATCTAACGCA-1,3
CTATCCGAGCTGTTAC-1,1
CTCAACCGTGGATGAC-1,3
CTCAACCGTGTGTCGC-1,3
CTCAAGAAGATTACCC-1,1
CTCAAGACATCCTGTC-1,2
CTCAAGAGTCAAAGAT-1,4
CTCAATTTCGGAAGGT-1,2
CTCACTGCACCTTCCA-1,1
CTCAGAACAATTGTGC-1,3
CTCAGGGGTCATCGCG-1,2
CTCAGGGTCTCACCCA-1,2
CTCAGTCAGGGACAGG-1,4
CTCATCGAGAGGCGTT-1,1
CTCATCGTCGTACCTC-1,3
CTCATTAAGGAAGTGA-1,2
CTCATTATCGTACACA-1,2
CTCCAACCAATCTCTT-1,4
CTCCAACGTAGTGTGG-1,1
CTCCATGAGACAGCTG-1,3
CTCCATGGTGTTGACT-1,2
CTCCATGTCATCGTAG-1,1
CTCCATGTCGTCGATA-1,2
CTCCCAATCAATCAGC-1,4
CTCCCTCAGCGCGTTC-1,2
CTCCCTCCACCGGAAA-1,2
CTCCCTCGTTTACGAC-1,4
CTCCCTCTCATCGCTC-1,4
CTCCGATTCCTTTAGT-1,4
CTCCGATTCTTTCTAG-1,1
CTCCTCCTCACCTCTG-1,1
CTCCTTTAGATGCTGG-1,2
CTCCTTTTCTACACTT-1,1
CTCGAGGAGCCTATTG-1,3
CTCGAGGAGGAAAGGT-1,4
CTCTCAGGTTAAGCAA-1,1
CTCTCGATCCATAGGT-1,3
CTCTGGTAGTAGGATT-1,2
CTGAATGAGCTCTATG-1,2
CTGAATGAGGCGAACT-1,1
CTGAGGCGTTCAGCGC-1,3
CTGATCCGTCGCGTCA-1,1
CTGATCCTCCCTCTAG-1,4
CTGATCCTCTCTCCGA-1,5
CTGCAGGAGCCATTGT-1,1
CTGCATCAGCGTCAAG-1,2
CTGCATCGTAAGCTCT-1,1
CTGCCATTCAGTGTTG-1,1
CTGCCATTCGGAACTT-1,2
CTGCCTACAAGACTGG-1,2
CTGCCTATCTTGATTC-1,3
CTGCGAGAGATTAGAC-1,2
CTGCGAGAGTGCACTT-1,2
CTGCGAGCAGATTCGT-1,3
CTGCGAGGTAGGTTTC-1,2
CTGCTCACAGCGTTTA-1,2
CTGGACGCAACGATTC-1,1
CTGGACGCACACGGTC-1,2
CTGGACGGTTCCCAAA-1,1
CTGGACGTCTCATTTG-1,2
CTGGCAGGTTGCAAGG-1,2
CTGGCAGTCGTCTCAC-1,1
CTGTCGTAGCTGGCCT-1,1
CTGTGAAAGGAACGCT-1,2
CTGTGAATCATCGCTC-1,2
CTGTGGGGTCGTGATT-1,3
CTTAGGAGTCTGTGGC-1,3
CTTCAATGTTGGACTT-1,1
CTTCGGTCACGTTCGG-1,3
CTTCGGTTCCAAGAGG-1,3
CTTCTCTTCCTACAAG-1,1
CTTGAGAAGAATTGCA-1,1
CTTGAGATCCCGAGGT-1,5
CTTGATTAGGTAGGCT-1,1
GAAACCTAGGAGGTTC-1,2
GAACACTGTTGGACTT-1,3
GAACGTTGTCAGGAGT-1,2
GAACTGTCATCGAACT-1,1
GAACTGTTCTCAAAGC-1,1
GAAGAATAGGTACAAT-1,2
GAAGCCCCAGGAACCA-1,2
GAAGCGATCAGTAGGG-1,4
GAAGGACGTCTGCCTT-1,2
GAAGGGTTCGCAGATT-1,1
GAAGTAAGTCTAGATC-1,1
GAATCACCAGTGGTGA-1,1
GACACGCCAGTCCGTG-1,3
GACACGCGTTCCAAAC-1,3
GACAGCCGTATCGTGT-1,4
GACATCAGTAACGATA-1,5
GACCCTTCAGCGTATT-1,2
GACCCTTCATCATCTT-1,1
GACCTTCCACCTGCGA-1,2
GACCTTCGTCGAGCTC-1,1
GACTATGCAGTCCCGA-1,5
GACTATGCATCATTGG-1,2
GACTATGTCCAAGGGA-1,1
GACTCAATCTAGTGAC-1,5
GACTCAATCTCCCAAC-1,2
GACTGATTCATCCTAT-1,1
GACTTCCTCCTCTAGC-1,1
GAGAAATCATTGGATC-1,1
GAGACCCAGTAGGATT-1,2
GAGACTTAGTCACTCA-1,4
GAGACTTCAGGCTATT-1,2
GAGAGGTTCATAGACC-1,1
GAGATGGCATGTAACC-1,1
GAGCCTGAGCGCACAA-1,5
GAGCCTGAGGCAGCTA-1,3
GAGCCTGCAGTCTCTC-1,1
GAGCCTGGTCCACGCA-1,1
GAGCTGCGTCGGATTT-1,2
GAGGCAAAGTCACGAG-1,1
GAGGGATCACTTGGCG-1,1
GAGGGTACAGTTTCAG-1,1
GAGGGTAGTCAACACT-1,1
GAGGGTATCTGTCCCA-1,1
GAGTCATAGGGTTGCA-1,3
GAGTGAGGTCGGCTAC-1,3
GAGTGTTCACAAGCTT-1,3
GAGTGTTGTACGTAGG-1,4
GAGTTACAGACGACGT-1,1
GAGTTGTAGCGTTACT-1,2
GAGTTGTAGTGCGTCC-1,2
GAGTTGTCACGGTGCT-1,4
GATAGCTGTCGGAAAC-1,2
GATAGCTGTCTGTTAG-1,1
GATAGCTTCGTGCAGC-1,3
GATCACACACCCTGTT-1,1
GATCAGTAGGAACATT-1,3
GATCAGTAGTGCGCTC-1,1
GATCAGTGTTACAGCT-1,2
GATCATGAGGCCTAAG-1,1
GATCCCTAGAGGATGA-1,1
GATCCCTGTAATTAGG-1,1
GATCGTACAGCGCGTT-1,1
GATCGTATCTCTGGTC-1,4
GATGACTAGAGGTTAT-1,3
GATGACTTCGTGGCGT-1,1
GATGACTTCTCTAGGA-1,3
GATGAGGCAAATGCGG-1,1
GATGATCGTATGGAAT-1,4
GATGATCGTGTAACGG-1,3
GATGCTAGTACAGGTG-1,1
GATGCTATCCTACGAA-1,4
GATGGAGAGCCAGACA-1,3
GATGGAGCACTTGAAC-1,1
GATGGAGTCTGCGGCA-1,1
GATGGAGTCTTCCAGC-1,2
GATTCGAGTCGCACGT-1,5
GATTCTTGTACAGTCT-1,1
GATTGGTAGGCTGGAT-1,4
GATTGGTGTTGAGAGC-1,1
GATTTCTCAAGTGGGT-1,4
GATTTCTGTCGTCGGT-1,5
GATTTCTTCCTTCAGC-1,3
GCAACCGTCATTTCCA-1,4
GCAACCGTCGAACGGA-1,3
GCACGGTAGTAGTCTC-1,1
GCACGGTCACCCAACG-1,3
GCACGTGTCAGACATC-1,4
GCAGCCAAGAGGTCAC-1,3
GCAGCCACATACATCG-1,3
GCAGCCAGTTGCGTAT-1,3
GCAGCCATCACCGGGT-1,4
GCAGCTGGTAAGTTAG-1,2
GCAGCTGGTGGGTCAA-1,3
GCAGCTGTCAAAGCCT-1,3
GCAGCTGTCCTTCTGG-1,4
GCAGTTACACATTCTT-1,2
GCAGTTATCTCTCTTC-1,2
GCATCGGGTAACGATA-1,2
GCCAACGTCTAACGCA-1,4
GCCAACGTCTGCATAG-1,2
GCCAGGTGTTAGAAAC-1,1
GCCAGTGAGTCCTACA-1,3
GCCGATGAGGCGAAGG-1,5
GCCGATGAGTAACCTC-1,1
GCCGATGCATCTTTCA-1,3
GCCGTGACAACGACTT-1,2
GCCGTGACATGCCGGT-1,4
GCCGTGAGTCAGTCCG-1,5
GCCTGTTCACAGTCAT-1,2
GCGAGAAAGTTGTAGA-1,2
GCGAGAATCCTCAGAA-1,1
GCGGAAAGTGTGTCCG-1,4
GCGGATCAGCAACTTC-1,2
GCGTTTCAGTCTAGCT-1,1
GCTACAAGTCAGCTTA-1,3
GCTACCTCACGCACCA-1,2
GCTACCTGTCCTACAA-1,2
GCTGAATAGCACTCTA-1,3
GCTGAATCACACGGAA-1,3
GCTGAATTCGTTAGTG-1,2
GCTGCAGAGGGCAGAG-1,3
GCTGCAGGTGCTGATT-1,1
GCTGCAGGTTGACGGA-1,2
GCTGGGTAGTACAACA-1,4
GCTTCACCAACACGAG-1,2
GCTTGGGAGAAGGTAG-1,2
GCTTTCGAGTGCAAAT-1,2
GCTTTCGGTTCGGGTC-1,1
GCTTTCGTCCGGTAGC-1,1
GCTTTCGTCTGGGTCG-1,2
GGAACCCAGCCATTTG-1,2
GGAACCCTCTAATTCC-1,3
GGAAGTGCAACCCTCT-1,2
GGAATCTCAAACTGCT-1,1
GGAATCTTCAATCTCT-1,1
GGAATGGAGGACTAAT-1,2
GGAATGGCACGACGCT-1,1
GGACGTCGTTCAACGT-1,2
GGAGAACGTGCCCACA-1,2
GGAGGATGTATGAAAC-1,2
GGAGGTAAGGCGTTGA-1,2
GGAGGTATCTGGTGCG-1,2
GGATCTAAGCAATTCC-1,5
GGATCTAGTGCCTGCA-1,5
GGATCTATCACCTACC-1,1
GGATCTATCATAAGGA-1,4
GGATGTTAGCCGGATA-1,1
GGCACGTAGGCCCGTT-1,5
GGCGTCACATTGTGCA-1,4
GGCTGTGCAAAGCTAA-1,4
GGCTGTGCACGGTGAA-1,3
GGCTGTGGTCCACATA-1,2
GGCTTGGCACCGAATT-1,3
GGCTTGGGTAGATCGG-1,3
GGCTTGGTCTTCTTCC-1,2
GGGACAATCCGATCTC-1,2
GGGACCTGTTAGGGAC-1,4
GGGACCTGTTCTTGTT-1,1
GGGACTCCACATATCG-1,1
GGGACTCCACGGGCTT-1,2
GGGAGATCACGGGTAA-1,1
GGGAGATTCACGGACC-1,3
GGGAGTAAGCAGGCAT-1,2
GGGAGTATCACCTCGT-1,2
GGGAGTATCTTAGCCC-1,2
GGGATCCAGGGCAATC-1,4
GGGATGAAGGGAGGGT-1,1
GGGATGAAGTCCCGAC-1,1
GGGCCATTCAGACCGC-1,2
GGGCTACAGACCAAAT-1,1
GGGCTACAGGCAGTCA-1,1
GGGCTCATCGCAATTG-1,1
GGGTAGAAGTAGGGTC-1,1
GGGTCACCAGGAGGTT-1,1
GGGTCACGTCCTTAAG-1,2
GGGTCACTCACAAGGG-1,2
GGGTCTGAGTCAACAA-1,2
GGGTCTGGTTTGAAAG-1,1
GGGTCTGTCCCGTTCA-1,2
GGGTGAACATAAGCAA-1,1
GGGTTATCAGCCATTA-1,1
GGGTTTACACAGAGCA-1,2
GGGTTTACACTAAACC-1,3
GGTAATCCAAAGGAGA-1,4
GGTAATCCACAGCATT-1,2
GGTAATCCATACCACA-1,2
GGTAATCTCAAGTTGC-1,2
GGTAGAGAGACCAGCA-1,2
GGTCACGCAATGGCCC-1,1
GGTCACGGTCGTGATT-1,1
GGTCTGGTCAGACATC-1,3
GGTCTGGTCTCCCAAC-1,4
GGTGATTAGCTGTACT-1,3
GGTGATTCAGCTCGGT-1,2
GGTGGCTGTGCGCTCA-1,4
GGTGTCGCAACGATCT-1,2
GGTGTCGGTGTTATCG-1,3
GGTGTTAGTGGATTTC-1,3
GGTTAACTCACTCACC-1,5
GGTTCTCCAGGTTCCG-1,2
GGTTGTATCGAAGGAC-1,3
GTAACACAGAAAGCGA-1,4
GTAACACAGCTCCGAC-1,2
GTAACACGTAGATGTA-1,4
GTAACACGTGGCGTAA-1,2
GTAAGTCTCGATTGGT-1,1
GTAATCGCAGTTTCGA-1,1
GTAATCGGTTGCGAAG-1,4
GTAATGCCACCAGTAT-1,2
GTACAACAGATAGCTA-1,4
GTAGAAACATGGACAG-1,2
GTAGAAATCTGAGATC-1,2
GTAGAGGCAACTTCTT-1,1
GTAGATCCATCCCGTT-1,1
GTAGATCTCCCGAAAT-1,3
GTAGCTATCTCATGGA-1,2
GTAGGAGTCCGTCACT-1,4
GTAGGTTCAGAAGCGT-1,1
GTAGGTTGTGTTCGTA-1,4
GTAGTACCACCCTATC-1,2
GTAGTACTCTGTGTGA-1,2
GTATTTCAGAAGAGCA-1,1
GTCAAACCAAGCACCC-1,1
GTCAAACTCAATGCAC-1,1
GTCAAGTCAATACCTG-1,4
GTCACGGAGCGGGTTA-1,1
GTCACGGCACCGTACG-1,1
GTCACTCTCTTGAACG-1,1
GTCATGAAGACTCATC-1,5
GTCATGAAGTTTGGCT-1,2
GTCATGACATTGGATC-1,3
GTCATTTCAAGAGAGA-1,1
GTCATTTGTACGACTT-1,4
GTCATTTTCCTAGAGT-1,4
GTCCCATCATGCCGAC-1,1
GTCCTCAAGTCACGAG-1,3
GTCGAATAGGAGTATT-1,3
GTCGAATCAGAACCGA-1,2
GTCGAATGTCAAGCGA-1,2
GTCGCGAAGCAGCGAT-1,4
GTCGCGAGTTTACCTT-1,4
GTCTACCCAGGAAGTC-1,1
GTCTAGACAATGCAGG-1,5
GTCTAGAGTATGTCAC-1,2
GTCTAGATCGAGAGAC-1,3
GTCTGTCAGATACGAT-1,1
GTCTGTCTCGAGCCTG-1,4
GTGAGCCCATCTTCGC-1,4
GTGAGCCGTGATCGTT-1,4
GTGAGCCTCTGGAAGG-1,2
GTGAGGAAGCATTGAA-1,1
GTGAGGACACAACATC-1,4
GTGAGGACACTTTAGG-1,1
GTGAGTTTCCAATGCA-1,1
GTGATGTAGACATCAA-1,1
GTGCGTGAGCTTCTAG-1,2
GTGCTGGCAGGCTACC-1,4
GTGCTGGTCAAACCTG-1,1
GTGCTTCAGACCATAA-1,2
GTGCTTCCACTCATAG-1,4
GTGCTTCGTCGCTTGG-1,2
GTGGAAGAGCCAAGTG-1,3
GTGGAGAAGATCCGAG-1,5
GTGGCGTAGAATAACC-1,4
GTGGCGTCAATCGAAA-1,4
GTGGGAAAGGTCGTAG-1,3
GTGGGAACATGAGTAA-1,1
GTGGTTAAGTAACCGG-1,1
GTGTAACTCTTGGTGA-1,1
GTGTCCTAGTCGGCCT-1,4
GTGTCCTCAGTTGTTG-1,3
GTGTCCTGTGGCCTCA-1,1
GTGTGATCACTACGGC-1,1
GTGTGATTCTTACGTT-1,4
GTGTGGCAGGTACTGG-1,2
GTGTGGCAGGTAGTCG-1,4
GTGTGGCGTAAGTTGA-1,5
GTGTGGCTCACCACAA-1,1
GTGTTCCAGGTGCCTC-1,3
GTGTTCCGTAGTTCCA-1,5
GTTACAGAGGGCTAAC-1,5
GTTACAGAGTGTAGTA-1,1
GTTACAGCAAATCAGA-1,1
GTTACGAGTATGAGAT-1,2
GTTAGTGAGAACGTGC-1,1
GTTAGTGCACCTCTAC-1,2
GTTATGGTCGTTCCTG-1,1
GTTCATTTCCGATGCG-1,5
GTTCCGTAGTTGCCCG-1,2
GTTCCGTCACCCGTAG-1,4
GTTCTATCAAATGAGT-1,3
GTTCTATCACGTGTGC-1,2
GTTCTATTCTACACTT-1,4
GTTGAACAGGAACATT-1,4
GTTGAACGTACCCGCA-1,2
GTTGCGGAGCTGCCTG-1,1
GTTGCTCAGTTTCGAC-1,4
GTTGCTCTCATTTCCA-1,1
GTTGTAGCAGTTCTAG-1,4
GTTGTGAAGACCTTTG-1,5
GTTGTGATCTCGGTCT-1,1
GTTTGGAGTGTATACC-1,1
TAACGACCACATATGC-1,1
TAACGACGTGCCTACG-1,1
TAACTTCGTTGTGGAG-1,4
TAAGCACAGAAGCTGC-1,1
TAAGCACTCACCATAG-1,3
TAAGCCAGTCCAACGC-1,4
TAAGCCATCTGGCCTT-1,3
TAAGCGTTCGTTGCCT-1,3
TAAGCGTTCTGTCGTC-1,1
TAATTCCCACTCCGGA-1,1
TAATTCCGTATTGACC-1,2
TAATTCCGTCAGTCCG-1,1
TACAACGCAAAGGTTA-1,1
TACAACGCATAGATCC-1,1
TACACCCTCGACTCCT-1,1
TACAGGTTCCTTACCG-1,1
TACATTCGTGGCTTAT-1,1
TACCGGGTCCTCGATC-1,5
TACCTCGCACCCAACG-1,1
TACCTGCAGTCACGCC-1,5
TACCTGCAGTCTGCAT-1,1
TACCTGCTCCAAGCTA-1,3
TACGCTCGTCAATCTG-1,5
TACGCTCTCTCGGTCT-1,2
TACGCTCTCTTAAGGC-1,3
TACGGGCTCAACGAGG-1,1
TACGGGCTCTACCACC-1,1
TACGTCCCAAGTGATA-1,2
TACGTCCCATGTGTCA-1,4
TACTTACAGGCATCTT-1,5
TACTTCATCATGCCGG-1,4
TAGACCAGTCTCGGGT-1,1
TAGACTGAGATTGTGA-1,3
TAGACTGGTCTTGAAC-1,2
TAGACTGTCGCCGAGT-1,2
TAGAGTCGTTGTGTAC-1,2
TAGATCGCAAATGGTA-1,2
TAGATCGCACACGCCA-1,1
TAGATCGTCACAACCA-1,2
TAGCACAAGTACTCGT-1,2
TAGGAGGCAAGACCTT-1,3
TAGGAGGGTTCCAGGC-1,3
TAGGGTTAGAGAGCGG-1,1
TAGGGTTAGGAACATT-1,3
TAGGGTTCAAGAAACT-1,3
TAGGTACGTGTCATCA-1,2
TAGGTACTCGAAGCAG-1,4
TAGTGCACACTCGATA-1,2
TAGTGCACAGAGGAAA-1,2
TATACCTGTTCTCGTC-1,4
TATACCTTCTGTCCGT-1,2
TATATCCCATGCGTGC-1,3
TATCGCCTCTCCCAAC-1,2
TATCTTGTCCATCTCG-1,2
TATCTTGTCGGCTTGG-1,5
TATGTTCAGTATGGAT-1,4
TATTGCTTCTCGAACA-1,4
TCAAGCATCCACTTTA-1,1
TCAATCTAGAGGTTTA-1,1
TCAATCTGTTTCCCAC-1,3
TCACAAGGTAGTGGCA-1,1
TCACAAGGTGGATACG-1,2
TCACACCCACCAGCCA-1,2
TCACACCGTCTCACGG-1,4
TCACACCGTTAAACCC-1,2
TCACACCTCTGGGAGA-1,1
TCACACCTCTTACCAT-1,4
TCACATTCAGAACTAA-1,2
TCACATTCATGCCATA-1,1
TCACGCTAGGACATCG-1,4
TCACGCTGTCTGCCTT-1,1
TCACGCTTCACTAGCA-1,1
TCACGCTTCGCTGACG-1,5
TCACGCTTCGGACTGC-1,1
TCACGGGCAACCGACC-1,2
TCACTATGTTTAGACC-1,4
TCACTCGCAAAGCAAT-1,2
TCACTCGGTCAACCAT-1,1
TCACTCGTCGGTCATA-1,2
TCAGCAACAAATCAAG-1,2
TCAGCAAGTATGACAA-1,2
TCAGGGCTCATGCGGC-1,1
TCAGGTACAATCGCAT-1,3
TCAGGTAGTATGGTAA-1,1
TCAGTCCGTAAGATCA-1,2
TCAGTCCGTCTCTCAC-1,1
TCAGTTTAGGATATAC-1,2
TCATACTCAGGTACGA-1,4
TCATACTTCAGAGCAG-1,1
TCATATCCATGCTGCG-1,3
TCATCATAGCACACAG-1,2
TCATCATGTTGCACGC-1,2
TCATCCGTCCAACTGA-1,3
TCATGCCCAAAGCGTG-1,4
TCATGCCGTGTCTTAG-1,1
TCATGTTAGAGGCGGA-1,3
TCATGTTGTGTGTGTT-1,1
TCATTACGTGCATGAG-1,4
TCATTGTGTGAGCAGT-1,1
TCCATCGGTTTAGTCG-1,3
TCCCACACACTAGAGG-1,5
TCCCACACAGACCAAG-1,2
TCCCACAGTTGACGGA-1,5
TCCCAGTAGACCGTTT-1,2
TCCCAGTTCGACATAC-1,2
TCCCATGTCGGCCCAA-1,1
TCCGATCTCAAACCTG-1,1
TCCTCCCAGTCTAACC-1,2
TCCTCGATCTCTCGAC-1,1
TCCTCTTAGAGTGAAG-1,2
TCCTCTTAGCCAAGGT-1,2
TCCTTCTCAACTCGTA-1,2
TCCTTTCTCGCTGTCT-1,3
TCGAAGTGTATCAGGG-1,4
TCGACCTCAAAGACTA-1,1
TCGACCTCAAGTAGTA-1,3
TCGACGGTCGAAGTGG-1,1
TCGATTTGTACGCTTA-1,1
TCGCAGGAGATTGACA-1,1
TCGCAGGGTAGGCTCC-1,1
TCGCAGGGTTCTAACG-1,1
TCGCTCACAAGATTGA-1,1
TCGCTTGAGAGACAAG-1,4
TCGCTTGAGCATTTGC-1,4
TCGGGACGTAACGGTG-1,2
TCGGGACTCTAGATCG-1,1
TCGGGCACAGTTACCA-1,1
TCGGGCATCCGATTAG-1,1
TCGGGCATCTGAACGT-1,2
TCGGGTGCAGTCTGGC-1,2
TCGGTCTTCATTGCTT-1,1
TCGGTCTTCGACATAC-1,1
TCGTAGACAATGAAAC-1,2
TCGTGCTGTAAGGAGA-1,1
TCGTGCTGTGATCATC-1,3
TCTAACTAGGTCCAGA-1,4
TCTACCGCAGTCGTTA-1,1
TCTACCGTCCACGGAC-1,1
TCTATACGTTATCCAG-1,2
TCTATCAGTATGCTAC-1,2
TCTATCAGTTGCCGAC-1,4
TCTCACGAGGCTCCCA-1,4
TCTCCGAAGTCAATCC-1,2
TCTCCGATCTCTCTTC-1,3
TCTCTGGCAAAGCAAT-1,2
TCTGCCAAGTTACGGG-1,5
TCTGCCAGTAACGCGA-1,1
TCTGCCAGTAGATGTA-1,2
TCTGGCTCATCCTGTC-1,1
TCTGTCGAGACTAGAT-1,2
TCTGTCGCACCAGCGT-1,4
TCTTAGTAGGCCTGCT-1,1
TCTTAGTCAACACGAG-1,2
TCTTAGTGTTGCCAAT-1,2
TCTTAGTTCAGAATAG-1,4
TCTTCCTCACCAAAGG-1,5
TCTTGCGAGATGAAGG-1,1
TCTTGCGCACTACTTT-1,3
TCTTGCGCAGAGGAAA-1,1
TCTTGCGGTCCAGCCA-1,1
TCTTTGAGTGGAGAAA-1,3
TGAACGTCAAATGAAC-1,4
TGAACGTGTAACTAAG-1,1
TGAACGTGTCCATAGT-1,2
TGAATGCGTGGACTAG-1,3
TGAATGCTCGACGAGA-1,2
TGAATGCTCGCCGTGA-1,2
TGACAGTAGAGGTGCT-1,1
TGACAGTTCGAGATGG-1,3
TGACCCTTCTCATTGT-1,2
TGACGCGGTGGCTTAT-1,2
TGACTCCAGTCTCCTC-1,1
TGACTCCCACCATAAC-1,2
TGAGACTAGGCTGAAC-1,1
TGAGCATTCCATTGCC-1,4
TGAGCATTCCTTCACG-1,1
TGAGCATTCGATACTG-1,1
TGAGCATTCTGTCTCG-1,2
TGAGCGCCACTATGTG-1,2
TGAGCGCCAGCATACT-1,2
TGAGCGCTCGTCTAAG-1,4
TGAGGAGTCCATCGTC-1,3
TGAGGGATCAAACGTC-1,3
TGAGGGATCATAAGGA-1,2
TGAGGTTCAAACTAGA-1,2
TGAGGTTCAGGACATG-1,2
TGAGGTTGTAGCTTTG-1,2
TGAGTCACAGAACGCA-1,2
TGAGTCAGTAACCCTA-1,4
TGAGTCAGTCACTCTC-1,2
TGATCAGAGGATTCAA-1,2
TGATGCACAGGGCTTC-1,4
TGATGGTAGACCCGCT-1,4
TGATTCTGTAGGTACG-1,5
TGCACGGTCGAGTACT-1,3
TGCAGGCAGCGTTCAT-1,1
TGCAGGCCAGGAATAT-1,1
TGCAGTAAGTAGTCCT-1,3
TGCAGTATCCACATAG-1,2
TGCATCCCACCCAACG-1,3
TGCATGAAGCACCCAC-1,1
TGCGACGAGCGACAGT-1,4
TGCGATAAGAATCGCG-1,4
TGCGGCAAGTGGTGAC-1,1
TGCGGCACAAAGACGC-1,1
TGCTCCACAATCTAGC-1,4
TGCTCGTAGACGAGCT-1,1
TGCTCGTTCCCATTTA-1,3
TGCTGAACAGCACAAG-1,1
TGCTTCGCATAGCTGT-1,2
TGCTTGCGTGAACTAA-1,1
TGGAACTAGCGTCTCG-1,2
TGGAGAGCAGTCAGTT-1,2
TGGAGGAAGTAGGAAG-1,2
TGGAGGAGTCTTTATC-1,5
TGGAGGATCGACATTG-1,3
TGGATCAGTTCTCCCA-1,2
TGGATGTTCACGGGAA-1,4
TGGATGTTCTATCCAT-1,5
TGGCGTGGTGGATTTC-1,4
TGGGAAGTCGATTGGT-1,1
TGGGAGAAGCAAGTGC-1,3
TGGGAGAAGTGGTGGT-1,2
TGGGATTAGTCACGAG-1,4
TGGGATTGTACGATGG-1,2
TGGGCGTAGTGGAATT-1,3
TGGGCGTCAAATTGCC-1,4
TGGGCTGAGAGGGTCT-1,1
TGGGCTGAGCGTTAGG-1,2
TGGGCTGCATCCGATA-1,4
TGGGCTGGTCGCGGTT-1,4
TGGGTTAGTATTGAGA-1,2
TGGGTTAGTGCACGCT-1,3
TGGGTTATCAGTAGGG-1,2
TGGTACACAAAGGGTC-1,1
TGGTAGTCAGGCATGA-1,1
TGGTAGTCATCACAGT-1,1
TGGTAGTTCCCTCATG-1,2
TGGTTAGTCAACCTTT-1,5
TGTAACGGTTGCGTAT-1,5
TGTACAGAGACTCGAG-1,2
TGTACAGAGTGAGTTA-1,2
TGTACAGGTGGATTTC-1,1
TGTAGACTCCATTTAC-1,2
TGTCAGACAACTTGGT-1,1
TGTCAGACACTCACTC-1,1
TGTCCACCAACTGGTT-1,4
TGTCCACTCGCTTACC-1,3
TGTCCCAAGCTCCATA-1,1
TGTCCCAAGGTCATAA-1,3
TGTCCCACATACTTTC-1,1
TGTCCCAGTCAGGCAA-1,2
TGTCCCAGTCGGTGTC-1,2
TGTCCTGGTACTTGTG-1,1
TGTCCTGGTTGGCTAT-1,3
TGTCCTGTCGGCTATA-1,1
TGTGATGAGCGACTGA-1,3
TGTGATGCATTCTCTA-1,1
TGTGCGGGTCGTCGGT-1,4
TGTGCGGTCACATACG-1,2
TGTGGCGTCGTACCTC-1,2
TGTGTGATCTGACAGT-1,1
TGTTCATAGCTGCCTG-1,1
TGTTCATGTCCTGGGT-1,4
TGTTCCGCAAGTATAG-1,3
TGTTGAGCACAACGAG-1,2
TGTTGAGTCTCGACCT-1,3
TGTTTGTGTGGAAATT-1,2
TTAATCCAGCTACTAC-1,2
TTACAGGGTGATTCTG-1,4
TTACCGCGTCCGAAAG-1,2
TTACGCCCACGTCGTG-1,2
TTACGCCTCAATGCAC-1,1
TTACGTTGTTTACGAC-1,4
TTACGTTTCTCGCTTG-1,1
TTACTGTCATACATCG-1,3
TTACTGTGTAAGAACT-1,2
TTACTGTGTTAAGGGC-1,3
TTAGGGTCAGGTCAGA-1,3
TTAGGGTGTCACATTG-1,4
TTAGTCTCACGTATAC-1,1
TTATTGCCAAACGGCA-1,3
TTATTGCGTACGTAGG-1,2
TTATTGCGTCAACACT-1,4
TTATTGCGTGTCTTCC-1,2
TTCACCGCAGCCCAGT-1,3
TTCACGCGTTAAGTCC-1,1
TTCACGCTCTATCCAT-1,1
TTCAGGAAGATTGGGC-1,1
TTCAGGAGTCTACAAC-1,3
TTCATGTAGGTCATAA-1,1
TTCATTGGTACGAAAT-1,1
TTCCACGAGGAAGTGA-1,5
TTCCACGGTCAACACT-1,3
TTCCGTGCACTCACTC-1,1
TTCCGTGGTTCCAGGC-1,3
TTCCTAAGTGACGTCC-1,5
TTCCTCTGTACCTGTA-1,2
TTCCTTCAGCCTCAAT-1,5
TTCCTTCAGGTAGTCG-1,2
TTCCTTCAGTAGTCAA-1,1
TTCCTTCGTGACACGA-1,2
TTCGATTTCTGACCCT-1,5
TTCGCTGAGGGTTAGC-1,4
TTCGCTGAGGTTCCGC-1,1
TTCGCTGCACTAGTAC-1,3
TTCGCTGTCGGACTGC-1,1
TTCTCTCGTATCGTAC-1,1
TTCTTGAGTCTTGCTC-1,2
TTGACCCGTCTCGGGT-1,4
TTGACCCTCGTAGTGT-1,1
TTGATGGCATAAGATG-1,3
TTGCATTGTGCCTTCT-1,3
TTGCCTGAGAGTGACC-1,2
TTGCCTGAGTGGAAAG-1,2
TTGCCTGGTAGCTGCC-1,2
TTGCGTCCACGCCACA-1,5
TTGCTGCCATTGCCGG-1,2
TTGGGATCAACGGGTA-1,4
TTGGGATTCAGGAAGC-1,2
TTGGGATTCTCTCTAA-1,2
TTGGGCGCACGGTGAA-1,1
TTGGGCGGTCGGAAAC-1,3
TTGGGTAGTGCTAGCC-1,2
TTGGGTATCACCGACG-1,2
TTGGTTTCACTGGATT-1,4
TTGTGGATCTAAGAAG-1,1
TTGTGTTGTGTGTCCG-1,1
TTGTTCACACTTGTGA-1,2
TTGTTCACAGTCGCTG-1,2
TTGTTCATCTTTACAC-1,2
TTGTTTGAGGTCGACA-1,1
TTGTTTGTCCAACCGG-1,2
TTTACTGTCACGGGAA-1,3
TTTATGCCAGTGGCTC-1,5
TTTATGCGTAACATAG-1,1
TTTATGCGTTGATCGT-1,3
TTTATGCTCACTCGAA-1,5
TTTCACATCGACGCTG-1,2
TTTCACATCTCAGGCG-1,3
TTTCATGGTGCCTAAT-1,3
TTTCATGTCACTCACC-1,2
TTTCCTCCACAGAGCA-1,3
TTTCCTCTCCTACACC-1,1
TTTCCTCTCTCTTGCG-1,2
TTTGATCTCTTTGGAG-1,1
TTTGGTTAGTAACCTC-1,1
TTTGGTTGTAGAATAC-1,2
TTTGTTGCAATTAGGA-1,3
